time,dev_addr,f_cnt,home_network_net_id,forwarder_gateway_id
2023-01-04 00:00:00.047604 UTC,0028550A,24210,0,eui-3436323866005100
2023-01-04 00:00:00.048252 UTC,1111F110,5384,8,eui-00800000a0004e9f
2023-01-04 00:00:00.054113 UTC,00B9F34E,20142,0,tzl-campus-wtp
2023-01-04 00:00:00.056425 UTC,00A84D1D,34813,0,ifremer-doi-gateway
2023-01-04 00:00:00.057385 UTC,005D6004,63690,0,ifremer-doi-gateway
2023-01-04 00:00:00.08251 UTC,01DB0E15,23835,0,eui-3436323866005100
2023-01-04 00:00:00.094724 UTC,1111F110,5384,8,eui-00800000a00061e3
2023-01-04 00:00:00.095379 UTC,00F4EC14,43009,0,ifremer-doi-gateway
2023-01-04 00:00:00.095656 UTC,014E1E95,39332,0,ifremer-doi-gateway
2023-01-04 00:00:00.097234 UTC,10D9A997,1788,8,eui-00800000a00061e1
2023-01-04 00:00:00.109625 UTC,3091FD03,35619,18,ch-zrh-kaeferberg
2023-01-04 00:00:00.111224 UTC,103BE8AE,1936,8,eui-00800000a00061e3
2023-01-04 00:00:00.112314 UTC,103BE8AE,1936,8,eui-00800000a0004e9f
2023-01-04 00:00:00.12097 UTC,104988BF,13860,8,eui-00800000a00061e0
2023-01-04 00:00:00.12349 UTC,104988BF,13860,8,eui-00800000a0004e9f
2023-01-04 00:00:00.132392 UTC,162094,19831,0,uhv3-roundtop-tower
2023-01-04 00:00:00.160936 UTC,0106444E,25987,0,ifremer-doi-gateway
2023-01-04 00:00:00.181466 UTC,10AFA95A,3640,8,eui-00800000a00061e0
2023-01-04 00:00:00.212283 UTC,1014F4EF,462,8,eui-00800000a00061e1
2023-01-04 00:00:00.212752 UTC,00D2D5B3,25793,0,ifremer-doi-gateway
2023-01-04 00:00:00.236063 UTC,10AFA95A,3640,8,eui-00800000a0004e9f
2023-01-04 00:00:00.246056 UTC,260B5A57,6183,13,nuig-new-gateway
2023-01-04 00:00:00.259879 UTC,260B0A50,31057,13,nuig-new-gateway
2023-01-04 00:00:00.267808 UTC,106B8A6D,627,8,eui-00800000a0004e9f
2023-01-04 00:00:00.305691 UTC,011B0ADE,41200,0,ifremer-doi-gateway
2023-01-04 00:00:00.306041 UTC,00E8F365,41201,0,ifremer-doi-gateway
2023-01-04 00:00:00.306349 UTC,01C01E59,25999,0,ifremer-doi-gateway
2023-01-04 00:00:00.307517 UTC,001F8B35,25448,0,ifremer-doi-gateway
2023-01-04 00:00:00.31506 UTC,01F48B2C,6166,0,ac1f09fffe06d9fd
2023-01-04 00:00:00.341057 UTC,11DD1B71,17648,8,eui-00800000a00061e3
2023-01-04 00:00:00.350254 UTC,260B721B,1554,13,nuig-new-gateway
2023-01-04 00:00:00.351446 UTC,11DD1B71,17648,8,eui-00800000a00061e0
2023-01-04 00:00:00.373128 UTC,260B7CB6,240,13,csn-mtcdtip-005f06
2023-01-04 00:00:00.373375 UTC,00E6A5D2,6,0,ofi-kerarbury-sth
2023-01-04 00:00:00.420662 UTC,116B5536,17513,8,eui-00800000a00061e3
2023-01-04 00:00:00.425369 UTC,10CE0F67,8787,8,eui-00800000a0004e9f
2023-01-04 00:00:00.481899 UTC,10E81630,29268,8,eui-00800000a00061e3
2023-01-04 00:00:00.4837 UTC,10E81630,29524,8,eui-00800000a0004e9f
2023-01-04 00:00:00.493256 UTC,260BF56E,200,13,csn-mtcdtip-005f06
2023-01-04 00:00:00.496281 UTC,005EC002,30103,0,ifremer-doi-gateway
2023-01-04 00:00:00.49634 UTC,0046AB1A,20054,0,ifremer-doi-gateway
2023-01-04 00:00:00.496589 UTC,00F4EC14,42876,0,ifremer-doi-gateway
2023-01-04 00:00:00.496787 UTC,005E7003,33995,0,ifremer-doi-gateway
2023-01-04 00:00:00.543953 UTC,493D1651,49114,24,eui-3436323866005100
2023-01-04 00:00:00.566082 UTC,008658FE,16374,0,eui-3436323866005100
2023-01-04 00:00:00.574906 UTC,09D09C8D,32805,4,eui-3436323866005100
2023-01-04 00:00:00.580885 UTC,116F8133,17621,8,eui-00800000a00061e0
2023-01-04 00:00:00.599716 UTC,1069908A,4463,8,eui-00800000a0004e9f
2023-01-04 00:00:00.600345 UTC,116F815F,17621,8,eui-00800000a0004e9f
2023-01-04 00:00:00.601298 UTC,1069908A,4463,8,eui-00800000a00061e3
2023-01-04 00:00:00.617028 UTC,260B3FEE,249,13,csn-mtcdtip-005f06
2023-01-04 00:00:00.617208 UTC,260BC1BD,145,13,csn-mtcdtip-005f06
2023-01-04 00:00:00.636491 UTC,00F4EC14,43009,0,ifremer-doi-gateway
2023-01-04 00:00:00.63652 UTC,00892C1A,38992,0,ifremer-doi-gateway
2023-01-04 00:00:00.636528 UTC,005D6004,63690,0,ifremer-doi-gateway
2023-01-04 00:00:00.63656 UTC,00A84D1D,34813,0,ifremer-doi-gateway
2023-01-04 00:00:00.641117 UTC,3269908A,4589,19,eui-00800000a00061e0
2023-01-04 00:00:00.643737 UTC,008FB0B2,20344,0,eui-3436323866005100
2023-01-04 00:00:00.707994 UTC,117BEA7C,5492,8,eui-00800000a0004e9f
2023-01-04 00:00:00.731151 UTC,11AF92AA,36642,8,ch-zrh-kaeferberg
2023-01-04 00:00:00.732479 UTC,10182EEF,8968,8,eui-00800000a00061e3
2023-01-04 00:00:00.741927 UTC,260BFD9D,20234,13,csn-mtcdtip-005f06
2023-01-04 00:00:00.818073 UTC,284EA73E,19750,14,tzl-campus-wtp
2023-01-04 00:00:00.825233 UTC,014E1E95,39332,0,ifremer-doi-gateway
2023-01-04 00:00:00.825236 UTC,00D2D5B3,25793,0,ifremer-doi-gateway
2023-01-04 00:00:00.826046 UTC,0106444E,25987,0,ifremer-doi-gateway
2023-01-04 00:00:00.865341 UTC,260B6BF8,42571,13,csn-mtcdtip-005f06
2023-01-04 00:00:00.921072 UTC,B6367EAA,12832,200036,eui-00800000a00061e0
2023-01-04 00:00:00.92526 UTC,01BF3D83,1917,0,ch-zrh-kaeferberg
2023-01-04 00:00:00.968984 UTC,00E8F365,41201,0,ifremer-doi-gateway
2023-01-04 00:00:00.971545 UTC,005EC002,30103,0,ifremer-doi-gateway
2023-01-04 00:00:00.973775 UTC,001F8B35,25448,0,ifremer-doi-gateway
2023-01-04 00:00:00.973792 UTC,011B0ADE,41200,0,ifremer-doi-gateway
2023-01-04 00:00:01.046303 UTC,01F12148,1876,0,eui-3436323866005100
2023-01-04 00:00:01.075765 UTC,260BEDE2,3459,13,csn-mtcdtip-005f06
2023-01-04 00:00:01.083448 UTC,007946A8,29579,0,uhv3-roundtop-tower
2023-01-04 00:00:01.096462 UTC,111CF29E,17565,8,eui-00800000a0004e9f
2023-01-04 00:00:01.100853 UTC,111CF29E,17565,8,eui-00800000a00061e0
2023-01-04 00:00:01.100936 UTC,111CF29E,17565,8,eui-00800000a00061e3
2023-01-04 00:00:01.157021 UTC,0046AB1A,20054,0,ifremer-doi-gateway
2023-01-04 00:00:01.16045 UTC,00892C1A,38992,0,ifremer-doi-gateway
2023-01-04 00:00:01.160467 UTC,005E7003,33995,0,ifremer-doi-gateway
2023-01-04 00:00:01.160592 UTC,00F4EC14,42876,0,ifremer-doi-gateway
2023-01-04 00:00:01.162902 UTC,01280BD0,23441,0,eui-00800000a00061e0
2023-01-04 00:00:01.191288 UTC,1143D037,2561,8,eui-00800000a0004e9f
2023-01-04 00:00:01.221374 UTC,1088F82E,17806,8,eui-00800000a00061e0
2023-01-04 00:00:01.221744 UTC,11FC2600,12209,8,eui-00800000a00061e0
2023-01-04 00:00:01.247281 UTC,11FC2600,1457,8,eui-00800000a0004e9f
2023-01-04 00:00:01.247322 UTC,1088F82E,17166,8,eui-00800000a0004e9f
2023-01-04 00:00:01.280743 UTC,10F13F13,22643,8,eui-00800000a00061e0
2023-01-04 00:00:01.295884 UTC,00A84D1D,34813,0,ifremer-doi-gateway
2023-01-04 00:00:01.296397 UTC,005D6004,63690,0,ifremer-doi-gateway
2023-01-04 00:00:01.296724 UTC,00F4EC14,43009,0,ifremer-doi-gateway
2023-01-04 00:00:01.298081 UTC,014E1E95,39332,0,ifremer-doi-gateway
2023-01-04 00:00:01.307424 UTC,109D81C7,4086,8,eui-00800000a0004e9f
2023-01-04 00:00:01.384426 UTC,11E1C205,4382,8,eui-00800000a00061e0
2023-01-04 00:00:01.434984 UTC,10F1F08B,30318,8,eui-00800000a00061e0
2023-01-04 00:00:01.440537 UTC,115C7155,3740,8,eui-00800000a00061e0
2023-01-04 00:00:01.441164 UTC,10F1F08B,30062,8,eui-00800000a00061e3
2023-01-04 00:00:01.494729 UTC,0106444E,25987,0,ifremer-doi-gateway
2023-01-04 00:00:01.495952 UTC,00D2D5B3,25793,0,ifremer-doi-gateway
2023-01-04 00:00:01.497293 UTC,00D5CC2E,33912,0,eui-3436323866005100
2023-01-04 00:00:01.508637 UTC,10E4E7D1,12535,8,eui-00800000a0004e9f
2023-01-04 00:00:01.550895 UTC,11D81806,1921,8,eui-00800000a00061e3
2023-01-04 00:00:01.554275 UTC,009E6F7B,37,0,tzl-campus-wtp
2023-01-04 00:00:01.563875 UTC,260843AF,37849,13,nuig-new-gateway
2023-01-04 00:00:01.56402 UTC,00EB13E3,48235,0,lora-db0fc
2023-01-04 00:00:01.582861 UTC,10465915,28265,8,eui-00800000a00061e0
2023-01-04 00:00:01.589316 UTC,11A57A04,2300,8,eui-00800000a0004e9f
2023-01-04 00:00:01.591706 UTC,0052E1F9,24511,0,eui-3436323866005100
2023-01-04 00:00:01.60739 UTC,00EE9380,10306,0,eui-3436323866005100
2023-01-04 00:00:01.633781 UTC,005EC002,30103,0,ifremer-doi-gateway
2023-01-04 00:00:01.633913 UTC,001F8B35,25448,0,ifremer-doi-gateway
2023-01-04 00:00:01.633949 UTC,00E8F365,41201,0,ifremer-doi-gateway
2023-01-04 00:00:01.634013 UTC,011B0ADE,41200,0,ifremer-doi-gateway
2023-01-04 00:00:01.646615 UTC,10D60546,2689,8,eui-00800000a00061e3
2023-01-04 00:00:01.67866 UTC,007FA43A,3838,0,lora-db0fc
2023-01-04 00:00:01.689651 UTC,00BCDE3A,17708,0,nuvola-nz-1016-lansdowne
2023-01-04 00:00:01.696073 UTC,1153DB70,6229,8,eui-00800000a00061e0
2023-01-04 00:00:01.730639 UTC,00892C1A,38992,0,ifremer-doi-gateway
2023-01-04 00:00:01.73485 UTC,1153DB70,6229,8,eui-00800000a0004e9f
2023-01-04 00:00:01.739746 UTC,00F4EC14,42876,0,ifremer-doi-gateway
2023-01-04 00:00:01.739869 UTC,0046AB1A,20054,0,ifremer-doi-gateway
2023-01-04 00:00:01.745786 UTC,005E7003,33995,0,ifremer-doi-gateway
2023-01-04 00:00:01.766609 UTC,1058E4DF,20947,8,eui-00800000a0004e9f
2023-01-04 00:00:01.807591 UTC,011440EB,33867,0,eui-3436323866005100
2023-01-04 00:00:01.83258 UTC,1186C824,4994,8,eui-00800000a0004e9f
2023-01-04 00:00:01.865353 UTC,00F4EC14,43009,0,ifremer-doi-gateway
2023-01-04 00:00:01.865624 UTC,00A84D1D,34813,0,ifremer-doi-gateway
2023-01-04 00:00:01.86567 UTC,014E1E95,39332,0,ifremer-doi-gateway
2023-01-04 00:00:01.88769 UTC,005D6004,63690,0,ifremer-doi-gateway
2023-01-04 00:00:01.914807 UTC,260B8726,16815,13,csn-mtcdtip-005f06
2023-01-04 00:00:01.966483 UTC,00D2D5B3,25793,0,ifremer-doi-gateway
2023-01-04 00:00:01.978027 UTC,0106444E,25987,0,ifremer-doi-gateway
2023-01-04 00:00:02.003133 UTC,01E1418D,34434,0,eui-3436323866005100
2023-01-04 00:00:02.040616 UTC,260899FA,36310,13,nuig-new-gateway
2023-01-04 00:00:02.048051 UTC,1124790F,14626,8,eui-00800000a0004e9f
2023-01-04 00:00:02.126857 UTC,11108153,23769,8,eui-00800000a0004e9f
2023-01-04 00:00:02.154285 UTC,11108153,23769,8,eui-00800000a00061e0
2023-01-04 00:00:02.171119 UTC,005EC002,30103,0,ifremer-doi-gateway
2023-01-04 00:00:02.171217 UTC,011B0ADE,41200,0,ifremer-doi-gateway
2023-01-04 00:00:02.174139 UTC,00E8F365,41201,0,ifremer-doi-gateway
2023-01-04 00:00:02.17694 UTC,001F8B35,25448,0,ifremer-doi-gateway
2023-01-04 00:00:02.184529 UTC,109876EE,20844,8,eui-00800000a00061e0
2023-01-04 00:00:02.187579 UTC,109876EE,20844,8,eui-00800000a0004e9f
2023-01-04 00:00:02.246233 UTC,004059DA,60618,0,uhv3-roundtop-tower
2023-01-04 00:00:02.24784 UTC,10B8C085,12518,8,eui-00800000a0004e9f
2023-01-04 00:00:02.311861 UTC,260B4152,24521,13,nuig-new-gateway
2023-01-04 00:00:02.366296 UTC,1846B0DF,17439,00000C,uhv3-roundtop-tower
2023-01-04 00:00:02.367515 UTC,00892C1A,38992,0,ifremer-doi-gateway
2023-01-04 00:00:02.37669 UTC,00F4EC14,42876,0,ifremer-doi-gateway
2023-01-04 00:00:02.376804 UTC,0046AB1A,20054,0,ifremer-doi-gateway
2023-01-04 00:00:02.377116 UTC,005E7003,33995,0,ifremer-doi-gateway
2023-01-04 00:00:02.392403 UTC,10E97356,20802,8,eui-00800000a00061e0
2023-01-04 00:00:02.45859 UTC,11EDD8B4,24400,8,eui-00800000a00061e0
2023-01-04 00:00:02.472453 UTC,2946E7E4,36710,14,tzl-campus-wtp
2023-01-04 00:00:02.504271 UTC,014E1E95,39332,0,ifremer-doi-gateway
2023-01-04 00:00:02.504297 UTC,005D6004,63690,0,ifremer-doi-gateway
2023-01-04 00:00:02.519913 UTC,00A84D1D,34813,0,ifremer-doi-gateway
2023-01-04 00:00:02.52072 UTC,10DEDE0C,27886,8,eui-00800000a0004e9f
2023-01-04 00:00:02.520973 UTC,10DEDE0C,27886,8,eui-00800000a00061e0
2023-01-04 00:00:02.553447 UTC,11001B82,17610,8,eui-00800000a00061e3
2023-01-04 00:00:02.566481 UTC,260B1F4A,52672,13,csn-mtcdtip-005f06
2023-01-04 00:00:02.56675 UTC,11EDD8B4,24400,8,eui-00800000a0004e9f
2023-01-04 00:00:02.581719 UTC,00F4EC14,43009,0,ifremer-doi-gateway
2023-01-04 00:00:02.608896 UTC,00D2D5B3,25793,0,ifremer-doi-gateway
2023-01-04 00:00:02.61592 UTC,0106444E,25987,0,ifremer-doi-gateway
2023-01-04 00:00:02.615987 UTC,115F6C73,1836,8,eui-00800000a00061e3
2023-01-04 00:00:02.641831 UTC,012AF712,0,0,ofi-kerarbury-sth
2023-01-04 00:00:02.667129 UTC,116F79DA,1253,8,eui-00800000a0004e9f
2023-01-04 00:00:02.667418 UTC,260B2D12,57643,13,csn-mtcdtip-005f06
2023-01-04 00:00:02.758593 UTC,011B0ADE,41200,0,ifremer-doi-gateway
2023-01-04 00:00:02.760443 UTC,001F8B35,25448,0,ifremer-doi-gateway
2023-01-04 00:00:02.760985 UTC,00E8F365,41201,0,ifremer-doi-gateway
2023-01-04 00:00:02.761365 UTC,005EC002,30103,0,ifremer-doi-gateway
2023-01-04 00:00:02.793319 UTC,2948DDBB,36653,14,tzl-campus-wtp
2023-01-04 00:00:02.82143 UTC,10E19476,4851,8,eui-00800000a00061e0
2023-01-04 00:00:02.824267 UTC,460B8F75,58538,23,csn-mtcdtip-005f06
2023-01-04 00:00:02.824464 UTC,11CB2EA8,3184,8,eui-00800000a00061e0
2023-01-04 00:00:02.824547 UTC,108100FE,46672,8,eui-00800000a00061e0
2023-01-04 00:00:02.824617 UTC,56E99C5C,35795,00002B,eui-00800000a00061e3
2023-01-04 00:00:02.82791 UTC,10E19476,4851,8,eui-00800000a0004e9f
2023-01-04 00:00:02.852899 UTC,7.92E+046,22315,0,eui-3436323866005100
2023-01-04 00:00:02.858003 UTC,00892C1A,38992,0,ifremer-doi-gateway
2023-01-04 00:00:02.871957 UTC,0046AB1A,20054,0,ifremer-doi-gateway
2023-01-04 00:00:02.874087 UTC,005E7003,33995,0,ifremer-doi-gateway
2023-01-04 00:00:02.874626 UTC,2700AFAC,53717,13,tzl-campus-wtp
2023-01-04 00:00:02.875384 UTC,00F4EC14,42876,0,ifremer-doi-gateway
2023-01-04 00:00:02.888922 UTC,11792814,4979,8,eui-00800000a0004e9f
2023-01-04 00:00:02.889019 UTC,11792814,4979,8,eui-00800000a00061e0
2023-01-04 00:00:02.982319 UTC,309EEE4D,24314,18,eui-3436323866005100
2023-01-04 00:00:02.984584 UTC,00F4EC14,43009,0,ifremer-doi-gateway
2023-01-04 00:00:02.984594 UTC,014E1E95,39332,0,ifremer-doi-gateway
2023-01-04 00:00:02.984726 UTC,005D6004,63690,0,ifremer-doi-gateway
2023-01-04 00:00:02.990426 UTC,00A84D1D,34813,0,ifremer-doi-gateway
2023-01-04 00:00:03.025074 UTC,0124AF9F,6749,0,eui-3436323866005100
2023-01-04 00:00:03.061092 UTC,260894B2,10821,13,nuig-new-gateway
2023-01-04 00:00:03.066285 UTC,01E79CD0,1233,0,uhv3-roundtop-tower
2023-01-04 00:00:03.066984 UTC,1159B337,799,8,eui-00800000a0004e9f
2023-01-04 00:00:03.070408 UTC,012C7587,24231,0,eui-3436323866005100
2023-01-04 00:00:03.080887 UTC,001E631C,23940,0,uhv3-hcc-library
2023-01-04 00:00:03.081877 UTC,1159B337,799,8,eui-00800000a00061e0
2023-01-04 00:00:03.081899 UTC,1159B337,799,8,eui-00800000a00061e3
2023-01-04 00:00:03.083587 UTC,260B220D,18373,13,csn-mtcdtip-005f06
2023-01-04 00:00:03.096071 UTC,0106444E,25987,0,ifremer-doi-gateway
2023-01-04 00:00:03.09639 UTC,011B608F,59071,0,tzl-campus-wtp
2023-01-04 00:00:03.096641 UTC,260BE148,13665,13,nuig-new-gateway
2023-01-04 00:00:03.101561 UTC,00D2D5B3,25793,0,ifremer-doi-gateway
2023-01-04 00:00:03.162964 UTC,10AB8882,17311,8,eui-00800000a00061e0
2023-01-04 00:00:03.220222 UTC,260BFA58,21673,13,csn-mtcdtip-005f06
2023-01-04 00:00:03.221103 UTC,005EC002,30103,0,ifremer-doi-gateway
2023-01-04 00:00:03.224974 UTC,001F8B35,25448,0,ifremer-doi-gateway
2023-01-04 00:00:03.224991 UTC,00E8F365,41201,0,ifremer-doi-gateway
2023-01-04 00:00:03.225047 UTC,011B0ADE,41200,0,ifremer-doi-gateway
2023-01-04 00:00:03.252468 UTC,110BF784,14633,8,eui-00800000a00061e0
2023-01-04 00:00:03.255197 UTC,28BF5D18,21512,14,tzl-campus-wtp
2023-01-04 00:00:03.273318 UTC,0991A57F,815,4,ch-zrh-kaeferberg
2023-01-04 00:00:03.323206 UTC,005E7003,33995,0,ifremer-doi-gateway
2023-01-04 00:00:03.323738 UTC,0046AB1A,20054,0,ifremer-doi-gateway
2023-01-04 00:00:03.325155 UTC,00892C1A,38992,0,ifremer-doi-gateway
2023-01-04 00:00:03.325207 UTC,00F4EC14,42876,0,ifremer-doi-gateway
2023-01-04 00:00:03.460391 UTC,00F4EC14,43009,0,ifremer-doi-gateway
2023-01-04 00:00:03.4604 UTC,014E1E95,39332,0,ifremer-doi-gateway
2023-01-04 00:00:03.460488 UTC,005D6004,63690,0,ifremer-doi-gateway
2023-01-04 00:00:03.46053 UTC,00A84D1D,34813,0,ifremer-doi-gateway
2023-01-04 00:00:03.485275 UTC,008DAAFF,1248,0,uhv3-roundtop-tower
2023-01-04 00:00:03.501686 UTC,00C58CBE,3,0,ofi-kerarbury-sth
2023-01-04 00:00:03.53383 UTC,260B82B1,209,13,csn-mtcdtip-005f06
2023-01-04 00:00:03.547367 UTC,11CCFB67,3512,8,eui-00800000a0004e9f
2023-01-04 00:00:03.592424 UTC,0151C7F4,43103,0,uhv3-roundtop-tower
2023-01-04 00:00:03.601244 UTC,29AF4721,22707,14,tzl-campus-wtp
2023-01-04 00:00:03.647711 UTC,260B1112,122,13,csn-mtcdtip-005f06
2023-01-04 00:00:03.655927 UTC,00D102C1,14389,0,uhv3-roundtop-tower
2023-01-04 00:00:03.657785 UTC,260BD879,217,13,csn-mtcdtip-005f06
2023-01-04 00:00:03.658069 UTC,00D2D5B3,25793,0,ifremer-doi-gateway
2023-01-04 00:00:03.658085 UTC,0106444E,25987,0,ifremer-doi-gateway
2023-01-04 00:00:03.66919 UTC,207218,21665,0,eui-3436323866005100
2023-01-04 00:00:03.700379 UTC,260BAD1D,15109,13,nuig-new-gateway
2023-01-04 00:00:03.700702 UTC,29AA18CF,27150,14,tzl-campus-wtp
2023-01-04 00:00:03.706735 UTC,10364A77,8711,8,eui-00800000a0004e9f
2023-01-04 00:00:03.728853 UTC,01A2D6BB,2779,0,uhv3-roundtop-tower
2023-01-04 00:00:03.770674 UTC,11B263EB,12621,8,eui-00800000a0004e9f
2023-01-04 00:00:03.786827 UTC,11B263EB,12621,8,eui-00800000a00061e0
2023-01-04 00:00:03.798887 UTC,005EC002,30103,0,ifremer-doi-gateway
2023-01-04 00:00:03.799055 UTC,011B0ADE,41200,0,ifremer-doi-gateway
2023-01-04 00:00:03.799311 UTC,001F8B35,25448,0,ifremer-doi-gateway
2023-01-04 00:00:03.802595 UTC,00E8F365,41201,0,ifremer-doi-gateway
2023-01-04 00:00:03.806289 UTC,0993B184,6,4,ch-zrh-kaeferberg
2023-01-04 00:00:03.881955 UTC,2608BF00,37164,13,nuig-new-gateway
2023-01-04 00:00:03.89398 UTC,00892C1A,38992,0,ifremer-doi-gateway
2023-01-04 00:00:03.894065 UTC,00F4EC14,42876,0,ifremer-doi-gateway
2023-01-04 00:00:03.914296 UTC,0046AB1A,20054,0,ifremer-doi-gateway
2023-01-04 00:00:03.914782 UTC,005E7003,33995,0,ifremer-doi-gateway
2023-01-04 00:00:03.915112 UTC,11185899,12594,8,eui-00800000a0007006
2023-01-04 00:00:04.029461 UTC,014E1E95,39332,0,ifremer-doi-gateway
2023-01-04 00:00:04.029579 UTC,00A84D1D,34813,0,ifremer-doi-gateway
2023-01-04 00:00:04.030846 UTC,005D6004,63690,0,ifremer-doi-gateway
2023-01-04 00:00:04.042394 UTC,260BBBCF,24417,13,nuig-new-gateway
2023-01-04 00:00:04.042678 UTC,00F4EC14,43009,0,ifremer-doi-gateway
2023-01-04 00:00:04.045335 UTC,11EF1CBD,28,8,eui-00800000a00061e0
2023-01-04 00:00:04.054166 UTC,00375B8C,2520,0,tzl-campus-wtp
2023-01-04 00:00:04.058887 UTC,109EFF90,2068,8,eui-00800000a00061e3
2023-01-04 00:00:04.112001 UTC,10603EA0,13903,8,eui-00800000a00061e3
2023-01-04 00:00:04.122957 UTC,10603EA0,13903,8,eui-00800000a0004e9f
2023-01-04 00:00:04.127673 UTC,00D2D5B3,25793,0,ifremer-doi-gateway
2023-01-04 00:00:04.139232 UTC,0106444E,25987,0,ifremer-doi-gateway
2023-01-04 00:00:04.154481 UTC,28DDDD41,2821,14,lora-db0fc
2023-01-04 00:00:04.172484 UTC,115301B1,10208,8,eui-00800000a00061e3
2023-01-04 00:00:04.190193 UTC,10E56879,5009,8,eui-00800000a0004e9f
2023-01-04 00:00:04.208116 UTC,34036879,5757,00001A,eui-00800000a0007006
2023-01-04 00:00:04.213233 UTC,1061EAE3,3926,8,eui-00800000a00061e0
2023-01-04 00:00:04.223328 UTC,28537958,30372,14,tzl-campus-wtp
2023-01-04 00:00:04.239254 UTC,1061EAE3,3926,8,eui-00800000a0004e9f
2023-01-04 00:00:04.251697 UTC,1061EAE3,3926,8,eui-00800000a0007006
2023-01-04 00:00:04.270193 UTC,001F8B35,25448,0,ifremer-doi-gateway
2023-01-04 00:00:04.270466 UTC,005EC002,30103,0,ifremer-doi-gateway
2023-01-04 00:00:04.285492 UTC,00F8E4A8,24387,0,eui-3436323866005100
2023-01-04 00:00:04.287264 UTC,00E8F365,41201,0,ifremer-doi-gateway
2023-01-04 00:00:04.287361 UTC,011B0ADE,41200,0,ifremer-doi-gateway
2023-01-04 00:00:04.290461 UTC,0052885E,2116,0,eui-3436323866005100
2023-01-04 00:00:04.312182 UTC,107C9F5B,13950,8,eui-00800000a0007006
2023-01-04 00:00:04.363794 UTC,016605F6,33623,0,eui-3436323866005100
2023-01-04 00:00:04.384779 UTC,260B3FE9,55331,13,csn-mtcdtip-005f06
2023-01-04 00:00:04.403043 UTC,80FE9FA4,29530,200000,uhv3-hcc-library
2023-01-04 00:00:04.451005 UTC,002151DF,34703,0,eui-3436323866005100
2023-01-04 00:00:04.456437 UTC,005E7003,33995,0,ifremer-doi-gateway
2023-01-04 00:00:04.456552 UTC,00F4EC14,42876,0,ifremer-doi-gateway
2023-01-04 00:00:04.456562 UTC,0046AB1A,20054,0,ifremer-doi-gateway
2023-01-04 00:00:04.457146 UTC,00892C1A,38992,0,ifremer-doi-gateway
2023-01-04 00:00:04.45769 UTC,1086E9E3,14922,8,eui-00800000a0004e9f
2023-01-04 00:00:04.458323 UTC,10473A15,5992,8,eui-00800000a0004e9f
2023-01-04 00:00:04.467085 UTC,1086E9E3,14922,8,eui-00800000a0007006
2023-01-04 00:00:04.505744 UTC,260BAD5B,54567,13,csn-mtcdtip-005f06
2023-01-04 00:00:04.51715 UTC,81F1738A,49431,200001,eui-00800000a0004e9f
2023-01-04 00:00:04.517362 UTC,108BDF5D,22217,8,eui-00800000a0004e9f
2023-01-04 00:00:04.517394 UTC,10B0589D,27599,8,eui-00800000a0004e9f
2023-01-04 00:00:04.52678 UTC,108BDF5D,22217,8,eui-00800000a00061e0
2023-01-04 00:00:04.533928 UTC,10B0589D,27599,8,eui-00800000a0007006
2023-01-04 00:00:04.533959 UTC,11021FE5,13849,8,eui-00800000a0007006
2023-01-04 00:00:04.538649 UTC,D0B304E6,26800,40010B,eui-00800000a0007006
2023-01-04 00:00:04.540818 UTC,10B96C83,21474,8,eui-00800000a00061e3
2023-01-04 00:00:04.576716 UTC,10B96C83,21474,8,eui-00800000a0004e9f
2023-01-04 00:00:04.586719 UTC,10B96C83,21474,8,eui-00800000a00061e0
2023-01-04 00:00:04.595804 UTC,00A84D1D,34813,0,ifremer-doi-gateway
2023-01-04 00:00:04.598794 UTC,00F4EC14,43009,0,ifremer-doi-gateway
2023-01-04 00:00:04.598883 UTC,005D6004,63690,0,ifremer-doi-gateway
2023-01-04 00:00:04.599073 UTC,014E1E95,39332,0,ifremer-doi-gateway
2023-01-04 00:00:04.632117 UTC,1.06E+065,11213,0,ac1f09fffe06d9fd
2023-01-04 00:00:04.634647 UTC,260BB65C,25267,13,csn-mtcdtip-005f06
2023-01-04 00:00:04.687887 UTC,007FA43A,3838,0,lora-db0fc
2023-01-04 00:00:04.708485 UTC,260BD389,3570,13,nuig-new-gateway
2023-01-04 00:00:04.721295 UTC,102E4267,2528,8,eui-00800000a0007006
2023-01-04 00:00:04.732124 UTC,109E6D12,14031,8,eui-00800000a00061e3
2023-01-04 00:00:04.766413 UTC,00EB13E3,48235,0,lora-db0fc
2023-01-04 00:00:04.780895 UTC,0894E846,90,4,ch-zrh-kaeferberg
2023-01-04 00:00:04.784916 UTC,00D2D5B3,25793,0,ifremer-doi-gateway
2023-01-04 00:00:04.784971 UTC,0106444E,25987,0,ifremer-doi-gateway
2023-01-04 00:00:04.826954 UTC,10770DEF,3883,8,eui-00800000a0007006
2023-01-04 00:00:04.862922 UTC,10B0FB36,12672,8,eui-00800000a0007006
2023-01-04 00:00:04.947255 UTC,4800086C,42396,24,ch-zrh-kaeferberg
2023-01-04 00:00:04.947655 UTC,011B0ADE,41200,0,ifremer-doi-gateway
2023-01-04 00:00:04.947983 UTC,00E8F365,41201,0,ifremer-doi-gateway
2023-01-04 00:00:04.949957 UTC,001F8B35,25448,0,ifremer-doi-gateway
2023-01-04 00:00:04.950686 UTC,005EC002,30103,0,ifremer-doi-gateway
2023-01-04 00:00:04.953924 UTC,11197C0B,5637,8,eui-00800000a00061e0
2023-01-04 00:00:04.962903 UTC,11197C0B,5637,8,eui-00800000a0007006
2023-01-04 00:00:05.031848 UTC,E1C4E2B2,50286,600000,eui-00800000a00061e3
2023-01-04 00:00:05.05519 UTC,111F6A7F,406,8,eui-00800000a0007006
2023-01-04 00:00:05.055377 UTC,162094,19832,0,uhv3-roundtop-tower
2023-01-04 00:00:05.072196 UTC,01D1294F,3,0,ofi-kerarbury-sth
2023-01-04 00:00:05.07973 UTC,11C4EBB2,13458,8,eui-00800000a0007006
2023-01-04 00:00:05.116214 UTC,0046AB1A,20054,0,ifremer-doi-gateway
2023-01-04 00:00:05.116228 UTC,00F4EC14,42876,0,ifremer-doi-gateway
2023-01-04 00:00:05.116271 UTC,00892C1A,38992,0,ifremer-doi-gateway
2023-01-04 00:00:05.116608 UTC,005E7003,33995,0,ifremer-doi-gateway
2023-01-04 00:00:05.152655 UTC,D329256E,47714,400132,eui-00800000a0007006
2023-01-04 00:00:05.21459 UTC,10684CEC,14022,8,eui-00800000a0007006
2023-01-04 00:00:05.216706 UTC,50687FEC,14022,28,eui-00800000a00061e0
2023-01-04 00:00:05.217699 UTC,11E4DD42,7595,8,eui-00800000a0004e9f
2023-01-04 00:00:05.266089 UTC,014E1E95,39332,0,ifremer-doi-gateway
2023-01-04 00:00:05.266112 UTC,00F4EC14,43009,0,ifremer-doi-gateway
2023-01-04 00:00:05.275145 UTC,11E4DD42,7595,8,eui-00800000a0007006
2023-01-04 00:00:05.275155 UTC,102BA902,579,8,eui-00800000a00061e3
2023-01-04 00:00:05.276256 UTC,005D6004,63690,0,ifremer-doi-gateway
2023-01-04 00:00:05.276668 UTC,00A84D1D,34813,0,ifremer-doi-gateway
2023-01-04 00:00:05.284173 UTC,102BA902,579,8,eui-00800000a0004e9f
2023-01-04 00:00:05.33738 UTC,00C49660,39,0,lora-db0fc
2023-01-04 00:00:05.381559 UTC,260B2596,24583,13,nuig-new-gateway
2023-01-04 00:00:05.395413 UTC,00787D6F,34296,0,nuvola-nz-1016-lansdowne
2023-01-04 00:00:05.432121 UTC,BAB5E63D,8747,20003A,eui-00800000a0004e9f
2023-01-04 00:00:05.457894 UTC,0106444E,25987,0,ifremer-doi-gateway
2023-01-04 00:00:05.458014 UTC,00D2D5B3,25793,0,ifremer-doi-gateway
2023-01-04 00:00:05.481553 UTC,00DC58F4,9452,0,ac1f09fffe06d9fd
2023-01-04 00:00:05.488677 UTC,00C6F208,24217,0,ac1f09fffe06d9fd
2023-01-04 00:00:05.509757 UTC,009B5BA4,1,0,ofi-kerarbury-sth
2023-01-04 00:00:05.566461 UTC,1097ED23,10189,8,eui-00800000a0004e9f
2023-01-04 00:00:05.572532 UTC,00BAB04B,13046,0,nuvola-nz-1016-lansdowne
2023-01-04 00:00:05.573042 UTC,0101AD64,11940,0,ch-zrh-kaeferberg
2023-01-04 00:00:05.585725 UTC,0084A9C9,54248,0,lora-db0fc
2023-01-04 00:00:05.599707 UTC,260BF454,26895,13,nuig-new-gateway
2023-01-04 00:00:05.603059 UTC,01DDF220,42,0,tzl-campus-wtp
2023-01-04 00:00:05.604366 UTC,20A7ED01,9982,10,eui-00800000a0007006
2023-01-04 00:00:05.608272 UTC,11C02E40,6461,8,eui-00800000a0007006
2023-01-04 00:00:05.649397 UTC,011B0ADE,41200,0,ifremer-doi-gateway
2023-01-04 00:00:05.656237 UTC,001F8B35,25448,0,ifremer-doi-gateway
2023-01-04 00:00:05.656342 UTC,00E8F365,41201,0,ifremer-doi-gateway
2023-01-04 00:00:05.656459 UTC,005EC002,30103,0,ifremer-doi-gateway
2023-01-04 00:00:05.692452 UTC,1050268C,6198,8,eui-00800000a0007006
2023-01-04 00:00:05.716662 UTC,113B878D,12550,8,eui-00800000a0004e9f
2023-01-04 00:00:05.752216 UTC,113B878D,12550,8,eui-00800000a0007006
2023-01-04 00:00:05.776177 UTC,00E641A9,57069,0,uhv3-hcc-library
2023-01-04 00:00:05.812417 UTC,118AF437,30603,8,eui-00800000a00061e0
2023-01-04 00:00:05.812867 UTC,118AF437,30603,8,eui-00800000a0004e9f
2023-01-04 00:00:05.826669 UTC,018F8FF9,24366,0,eui-3436323866005100
2023-01-04 00:00:05.842082 UTC,100E3270,1983,8,eui-00800000a00061e3
2023-01-04 00:00:05.849894 UTC,005E7003,33995,0,ifremer-doi-gateway
2023-01-04 00:00:05.849985 UTC,00892C1A,38992,0,ifremer-doi-gateway
2023-01-04 00:00:05.851378 UTC,0046AB1A,20054,0,ifremer-doi-gateway
2023-01-04 00:00:05.851805 UTC,00F4EC14,42876,0,ifremer-doi-gateway
2023-01-04 00:00:05.870422 UTC,101FC846,7682,8,eui-00800000a0007006
2023-01-04 00:00:05.870593 UTC,100E3270,1983,8,eui-00800000a00061e0
2023-01-04 00:00:05.872636 UTC,100E3270,1983,8,eui-00800000a0004e9f
2023-01-04 00:00:05.915977 UTC,177458,24593,0,uhv3-roundtop-tower
2023-01-04 00:00:05.932015 UTC,10D95F88,20706,8,eui-00800000a0007006
2023-01-04 00:00:05.933206 UTC,11BC573B,1978,8,eui-00800000a0004e9f
2023-01-04 00:00:05.933482 UTC,11BC573B,1978,8,eui-00800000a0007006
2023-01-04 00:00:05.933705 UTC,11EC2C29,17454,8,eui-00800000a0007006
2023-01-04 00:00:05.949409 UTC,260B30B4,21739,13,nuig-new-gateway
2023-01-04 00:00:05.976015 UTC,00F4EC14,43009,0,ifremer-doi-gateway
2023-01-04 00:00:05.976034 UTC,014E1E95,39332,0,ifremer-doi-gateway
2023-01-04 00:00:05.976072 UTC,00A84D1D,34813,0,ifremer-doi-gateway
2023-01-04 00:00:05.980379 UTC,005D6004,63690,0,ifremer-doi-gateway
2023-01-04 00:00:05.992599 UTC,10E10DEF,13913,8,eui-00800000a0007006
2023-01-04 00:00:05.993351 UTC,102C1813,3798,8,eui-00800000a0007006
2023-01-04 00:00:06.016619 UTC,101708CB,356,8,eui-00800000a0004e9f
2023-01-04 00:00:06.017766 UTC,101708CB,356,8,eui-00800000a00061e0
2023-01-04 00:00:06.042176 UTC,1082990,14943,8,eui-00800000a0007006
2023-01-04 00:00:06.051073 UTC,00A0D84A,0,0,ofi-kerarbury-sth
2023-01-04 00:00:06.066933 UTC,10E4FB72,21622,8,eui-00800000a0004e9f
2023-01-04 00:00:06.077461 UTC,1044E476,1955,8,eui-00800000a00061e3
2023-01-04 00:00:06.080683 UTC,0106444E,25987,0,ifremer-doi-gateway
2023-01-04 00:00:06.087902 UTC,005CC071,32549,0,eui-3436323866005100
2023-01-04 00:00:06.088631 UTC,00D2D5B3,25793,0,ifremer-doi-gateway
2023-01-04 00:00:06.097217 UTC,01E609E0,1919,0,ch-zrh-kaeferberg
2023-01-04 00:00:06.112296 UTC,10E4FB72,21622,8,eui-00800000a0007006
2023-01-04 00:00:06.113297 UTC,260B5D40,24516,13,nuig-new-gateway
2023-01-04 00:00:06.130508 UTC,11DCDC23,728,8,eui-00800000a00061e3
2023-01-04 00:00:06.13941 UTC,3174DC66,37903,18,ch-zrh-kaeferberg
2023-01-04 00:00:06.149295 UTC,1097B977,748,8,eui-00800000a0004e9f
2023-01-04 00:00:06.19073 UTC,1097B977,748,8,eui-00800000a00061e3
2023-01-04 00:00:06.208875 UTC,31263A95,12635,18,ch-zrh-kaeferberg
2023-01-04 00:00:06.222973 UTC,001F8B35,25448,0,ifremer-doi-gateway
2023-01-04 00:00:06.223719 UTC,005EC002,30103,0,ifremer-doi-gateway
2023-01-04 00:00:06.223719 UTC,011B0ADE,41200,0,ifremer-doi-gateway
2023-01-04 00:00:06.223787 UTC,00E8F365,41201,0,ifremer-doi-gateway
2023-01-04 00:00:06.236439 UTC,11C7C697,12483,8,eui-00800000a0004e9f
2023-01-04 00:00:06.257105 UTC,11C7C697,12483,8,eui-00800000a0007006
2023-01-04 00:00:06.311232 UTC,10193C9B,24780,8,eui-00800000a0004e9f
2023-01-04 00:00:06.403095 UTC,0155EB38,4093,0,uhv3-roundtop-tower
2023-01-04 00:00:06.40515 UTC,15528C3C,4093,00000A,uhv3-hcc-library
2023-01-04 00:00:06.418167 UTC,005E7003,33995,0,ifremer-doi-gateway
2023-01-04 00:00:06.418283 UTC,00892C1A,38992,0,ifremer-doi-gateway
2023-01-04 00:00:06.425057 UTC,00F4EC14,42876,0,ifremer-doi-gateway
2023-01-04 00:00:06.425086 UTC,0046AB1A,20054,0,ifremer-doi-gateway
2023-01-04 00:00:06.433549 UTC,119558C7,255,8,eui-00800000a0007006
2023-01-04 00:00:06.439801 UTC,0100D32C,33619,0,eui-3436323866005100
2023-01-04 00:00:06.472847 UTC,29D3639D,7863,14,tzl-campus-wtp
2023-01-04 00:00:06.494397 UTC,010D442D,24206,0,eui-3436323866005100
2023-01-04 00:00:06.556229 UTC,00A84D1D,34813,0,ifremer-doi-gateway
2023-01-04 00:00:06.558813 UTC,005D6004,63690,0,ifremer-doi-gateway
2023-01-04 00:00:06.558854 UTC,00F4EC14,43009,0,ifremer-doi-gateway
2023-01-04 00:00:06.560237 UTC,014E1E95,39332,0,ifremer-doi-gateway
2023-01-04 00:00:06.561937 UTC,00B631DD,24196,0,eui-3436323866005100
2023-01-04 00:00:06.579389 UTC,117158A3,17606,8,eui-00800000a0004e9f
2023-01-04 00:00:06.58195 UTC,117158A3,17606,8,eui-00800000a00061e3
2023-01-04 00:00:06.592863 UTC,117158A3,17606,8,eui-00800000a00061e0
2023-01-04 00:00:06.654016 UTC,106C8B2B,1420,8,eui-00800000a00061e3
2023-01-04 00:00:06.656728 UTC,D83CFB2B,416,400183,eui-00800000a00061e0
2023-01-04 00:00:06.658311 UTC,01BB1FE1,0,0,ofi-kerarbury-sth
2023-01-04 00:00:06.667951 UTC,108579D3,5006,8,eui-00800000a0004e9f
2023-01-04 00:00:06.677158 UTC,00DF7EA7,17749,0,nuvola-nz-1016-lansdowne
2023-01-04 00:00:06.702186 UTC,10542EA2,2105,8,eui-00800000a00061e0
2023-01-04 00:00:06.70226 UTC,1177F1EF,5201,8,eui-00800000a00061e0
2023-01-04 00:00:06.702551 UTC,1177F1EF,5201,8,eui-00800000a0007006
2023-01-04 00:00:06.703155 UTC,3357D1EF,5203,19,eui-00800000a00061e3
2023-01-04 00:00:06.726892 UTC,10542EA2,2105,8,eui-00800000a0004e9f
2023-01-04 00:00:06.728089 UTC,111A4DA4,28401,8,eui-00800000a0004e9f
2023-01-04 00:00:06.733311 UTC,11B03AF1,8742,8,eui-00800000a0004e9f
2023-01-04 00:00:06.750773 UTC,0106444E,25987,0,ifremer-doi-gateway
2023-01-04 00:00:06.751881 UTC,00D2D5B3,25793,0,ifremer-doi-gateway
2023-01-04 00:00:06.778599 UTC,111A4DA4,28401,8,eui-00800000a00061e0
2023-01-04 00:00:06.780749 UTC,111A4DA4,28401,8,eui-00800000a00061e3
2023-01-04 00:00:06.891081 UTC,00E8F365,41201,0,ifremer-doi-gateway
2023-01-04 00:00:06.891205 UTC,001F8B35,25448,0,ifremer-doi-gateway
2023-01-04 00:00:06.891378 UTC,011B0ADE,41200,0,ifremer-doi-gateway
2023-01-04 00:00:06.891651 UTC,005EC002,30103,0,ifremer-doi-gateway
2023-01-04 00:00:06.901536 UTC,260B1390,156,13,nuig-new-gateway
2023-01-04 00:00:06.907226 UTC,15F15569,40414,00000A,eui-00800000a0004e9f
2023-01-04 00:00:06.916776 UTC,11795569,3550,8,eui-00800000a00061e0
2023-01-04 00:00:06.977956 UTC,01E2731F,11632,0,uhv3-roundtop-tower
2023-01-04 00:00:06.982797 UTC,10FCB730,16606,8,eui-00800000a0007006
2023-01-04 00:00:07.019994 UTC,0189BEF7,1,0,ofi-kerarbury-sth
2023-01-04 00:00:07.027038 UTC,11249582,20357,8,eui-00800000a0004e9f
2023-01-04 00:00:07.06046 UTC,001E631C,23941,0,uhv3-roundtop-tower
2023-01-04 00:00:07.071712 UTC,11FCEA19,12568,8,eui-00800000a00061e0
2023-01-04 00:00:07.080587 UTC,005E7003,33995,0,ifremer-doi-gateway
2023-01-04 00:00:07.080629 UTC,0046AB1A,20054,0,ifremer-doi-gateway
2023-01-04 00:00:07.080655 UTC,00F4EC14,42876,0,ifremer-doi-gateway
2023-01-04 00:00:07.080838 UTC,00892C1A,38992,0,ifremer-doi-gateway
2023-01-04 00:00:07.091021 UTC,11FCEA19,12568,8,eui-00800000a0004e9f
2023-01-04 00:00:07.095448 UTC,292CA1FA,53246,14,tzl-campus-wtp
2023-01-04 00:00:07.117004 UTC,0106765B,2,0,ofi-kerarbury-sth
2023-01-04 00:00:07.146725 UTC,00DBA2A6,23861,0,eui-3436323866005100
2023-01-04 00:00:07.215494 UTC,00F4EC14,43009,0,ifremer-doi-gateway
2023-01-04 00:00:07.215844 UTC,00A84D1D,34813,0,ifremer-doi-gateway
2023-01-04 00:00:07.216841 UTC,005D6004,63690,0,ifremer-doi-gateway
2023-01-04 00:00:07.217046 UTC,014E1E95,39332,0,ifremer-doi-gateway
2023-01-04 00:00:07.245393 UTC,10CE23D4,13603,8,eui-00800000a00061e0
2023-01-04 00:00:07.247169 UTC,004059DA,60619,0,uhv3-roundtop-tower
2023-01-04 00:00:07.305866 UTC,260B617D,15608,13,eui-00800000a00061e0
2023-01-04 00:00:07.329708 UTC,11AA11A0,202,8,eui-00800000a0004e9f
2023-01-04 00:00:07.341981 UTC,11AA11A0,202,8,eui-00800000a00061e1
2023-01-04 00:00:07.349681 UTC,000B37E7,33698,0,nuvola-nz-1016-lansdowne
2023-01-04 00:00:07.355791 UTC,01B2BADE,24719,0,eui-3436323866005100
2023-01-04 00:00:07.356007 UTC,01B1CDEC,24023,0,eui-3436323866005100
2023-01-04 00:00:07.361479 UTC,11AA11A0,202,8,eui-00800000a00061e0
2023-01-04 00:00:07.404495 UTC,0106444E,25987,0,ifremer-doi-gateway
2023-01-04 00:00:07.40757 UTC,00D2D5B3,25793,0,ifremer-doi-gateway
2023-01-04 00:00:07.419688 UTC,260BAF59,4159,13,nuig-new-gateway
2023-01-04 00:00:07.422189 UTC,10781157,24660,8,eui-00800000a00061e1
2023-01-04 00:00:07.42382 UTC,781157,50023,0,eui-00800000a00061e0
2023-01-04 00:00:07.438596 UTC,260B8E83,49056,13,csn-mtcdtip-005f06
2023-01-04 00:00:07.439009 UTC,260BEABA,3,13,csn-mtcdtip-005f06
2023-01-04 00:00:07.466988 UTC,18B0CF96,36270,00000C,eui-00800000a0004e9f
2023-01-04 00:00:07.492174 UTC,11555725,5025,8,eui-00800000a00061e1
2023-01-04 00:00:07.492707 UTC,118F0A6C,7598,8,eui-00800000a00061e1
2023-01-04 00:00:07.526611 UTC,11555725,5025,8,eui-00800000a0004e9f
2023-01-04 00:00:07.55032 UTC,00E8F365,41201,0,ifremer-doi-gateway
2023-01-04 00:00:07.550359 UTC,005EC002,30103,0,ifremer-doi-gateway
2023-01-04 00:00:07.550392 UTC,001F8B35,25448,0,ifremer-doi-gateway
2023-01-04 00:00:07.550576 UTC,011B0ADE,41200,0,ifremer-doi-gateway
2023-01-04 00:00:07.561302 UTC,260B0A8F,51436,13,csn-mtcdtip-005f06
2023-01-04 00:00:07.561407 UTC,260BF56E,200,13,csn-mtcdtip-005f06
2023-01-04 00:00:07.592818 UTC,006CC53F,56261,0,uhv3-roundtop-tower
2023-01-04 00:00:07.638682 UTC,1491686,33666,0,eui-3436323866005100
2023-01-04 00:00:07.687027 UTC,260BE1B2,2803,13,csn-mtcdtip-005f06
2023-01-04 00:00:07.687714 UTC,260BFD9D,20234,13,csn-mtcdtip-005f06
2023-01-04 00:00:07.700895 UTC,007FA43A,3838,0,lora-db0fc
2023-01-04 00:00:07.717785 UTC,09E72FD6,26195,4,ch-zrh-kaeferberg
2023-01-04 00:00:07.735618 UTC,00F4EC14,42876,0,ifremer-doi-gateway
2023-01-04 00:00:07.735947 UTC,005E7003,33995,0,ifremer-doi-gateway
2023-01-04 00:00:07.735988 UTC,00892C1A,38992,0,ifremer-doi-gateway
2023-01-04 00:00:07.737073 UTC,0046AB1A,20054,0,ifremer-doi-gateway
2023-01-04 00:00:07.740729 UTC,107EABF5,2279,8,eui-00800000a00061e0
2023-01-04 00:00:07.744449 UTC,107EABF5,2279,8,eui-00800000a0004e9f
2023-01-04 00:00:07.746585 UTC,01CE3460,24161,0,eui-3436323866005100
2023-01-04 00:00:07.75177 UTC,98CD716F,2247,200018,eui-00800000a00061e1
2023-01-04 00:00:07.801773 UTC,105AF0E7,604,8,eui-00800000a00061e0
2023-01-04 00:00:07.806823 UTC,105AF0E7,604,8,eui-00800000a0004e9f
2023-01-04 00:00:07.824261 UTC,1.06E+065,11213,0,ac1f09fffe06d9fd
2023-01-04 00:00:07.887318 UTC,005D6004,63690,0,ifremer-doi-gateway
2023-01-04 00:00:07.887533 UTC,014E1E95,39332,0,ifremer-doi-gateway
2023-01-04 00:00:07.888546 UTC,00F4EC14,43009,0,ifremer-doi-gateway
2023-01-04 00:00:07.888695 UTC,00A84D1D,34813,0,ifremer-doi-gateway
2023-01-04 00:00:07.904791 UTC,26083678,16624,13,nuig-new-gateway
2023-01-04 00:00:07.916088 UTC,11D3845B,20713,8,eui-00800000a00061e1
2023-01-04 00:00:07.922532 UTC,010A9E17,2,0,ofi-kerarbury-sth
2023-01-04 00:00:07.923891 UTC,00E175C9,31116,0,ch-zrh-kaeferberg
2023-01-04 00:00:07.948221 UTC,29B576AD,27072,14,tzl-campus-wtp
2023-01-04 00:00:07.961184 UTC,110148A6,4217,8,eui-00800000a00061e0
2023-01-04 00:00:07.974536 UTC,110148A6,4217,8,eui-00800000a0004e9f
2023-01-04 00:00:07.981037 UTC,110148A6,4217,8,eui-00800000a00061e3
2023-01-04 00:00:07.981723 UTC,110148A6,4217,8,eui-00800000a00061e1
2023-01-04 00:00:08.046555 UTC,11FBC6B6,16192,8,eui-00800000a0004e9f
2023-01-04 00:00:08.046875 UTC,108B0292,1261,8,eui-00800000a0004e9f
2023-01-04 00:00:08.051642 UTC,735865,33991,0,nuvola-nz-1016-lansdowne
2023-01-04 00:00:08.064589 UTC,00D2D5B3,25793,0,ifremer-doi-gateway
2023-01-04 00:00:08.070506 UTC,0106444E,25987,0,ifremer-doi-gateway
2023-01-04 00:00:08.126878 UTC,0120976B,32,0,tzl-campus-wtp
2023-01-04 00:00:08.202241 UTC,260B7DCB,15213,13,nuig-new-gateway
2023-01-04 00:00:08.218828 UTC,001F8B35,25448,0,ifremer-doi-gateway
2023-01-04 00:00:08.219475 UTC,011B0ADE,41200,0,ifremer-doi-gateway
2023-01-04 00:00:08.22181 UTC,005EC002,30103,0,ifremer-doi-gateway
2023-01-04 00:00:08.222172 UTC,00E8F365,41201,0,ifremer-doi-gateway
2023-01-04 00:00:08.232229 UTC,10F4F194,1423,8,eui-00800000a00061e1
2023-01-04 00:00:08.2324 UTC,1095460F,3680,8,eui-00800000a00061e1
2023-01-04 00:00:08.254084 UTC,010B8CE8,24351,0,eui-3436323866005100
2023-01-04 00:00:08.257428 UTC,112F7D35,23162,8,eui-00800000a0004e9f
2023-01-04 00:00:08.27698 UTC,016D4296,32787,0,eui-3436323866005100
2023-01-04 00:00:08.341909 UTC,119149AA,13598,8,eui-00800000a00061e1
2023-01-04 00:00:08.359498 UTC,F27ADAFE,3040,8004F5,uhv3-roundtop-tower
2023-01-04 00:00:08.395496 UTC,005E7003,33995,0,ifremer-doi-gateway
2023-01-04 00:00:08.395527 UTC,00892C1A,38992,0,ifremer-doi-gateway
2023-01-04 00:00:08.395784 UTC,0046AB1A,20054,0,ifremer-doi-gateway
2023-01-04 00:00:08.395938 UTC,00F4EC14,42876,0,ifremer-doi-gateway
2023-01-04 00:00:08.40168 UTC,10B61990,24809,8,eui-00800000a00061e1
2023-01-04 00:00:08.475898 UTC,008DAAFF,1249,0,uhv3-roundtop-tower
2023-01-04 00:00:08.477802 UTC,28E904C0,53077,14,tzl-campus-wtp
2023-01-04 00:00:08.530708 UTC,1060877B,628,8,eui-00800000a00061e0
2023-01-04 00:00:08.531832 UTC,1060877B,628,8,eui-00800000a00061e1
2023-01-04 00:00:08.545525 UTC,014E1E95,39332,0,ifremer-doi-gateway
2023-01-04 00:00:08.545634 UTC,00A84D1D,34813,0,ifremer-doi-gateway
2023-01-04 00:00:08.545976 UTC,005D6004,63690,0,ifremer-doi-gateway
2023-01-04 00:00:08.546319 UTC,00F4EC14,43009,0,ifremer-doi-gateway
2023-01-04 00:00:08.54693 UTC,1060877B,628,8,eui-00800000a0004e9f
2023-01-04 00:00:08.574069 UTC,11A0A375,21612,8,eui-00800000a00061e3
2023-01-04 00:00:08.580122 UTC,015192F1,43114,0,uhv3-roundtop-tower
2023-01-04 00:00:08.590368 UTC,00DC58F4,9452,0,ac1f09fffe06d9fd
2023-01-04 00:00:08.591818 UTC,11A0A375,21612,8,eui-00800000a00061e1
2023-01-04 00:00:08.597383 UTC,0084A9C9,54248,0,lora-db0fc
2023-01-04 00:00:08.601375 UTC,11A0A375,21612,8,eui-00800000a00061e0
2023-01-04 00:00:08.616143 UTC,260B7AD2,22579,13,csn-mtcdtip-005f06
2023-01-04 00:00:08.616542 UTC,260BDBC0,30,13,csn-mtcdtip-005f06
2023-01-04 00:00:08.638782 UTC,01A99BB7,33890,0,eui-3436323866005100
2023-01-04 00:00:08.650922 UTC,1.126E+198,8740,8,eui-00800000a00061e0
2023-01-04 00:00:08.65236 UTC,00ACEC2A,37879,0,uhv3-roundtop-tower
2023-01-04 00:00:08.656483 UTC,1.126E+198,8836,8,eui-00800000a0004e9f
2023-01-04 00:00:08.662645 UTC,117DCD80,20671,8,eui-00800000a00061e1
2023-01-04 00:00:08.662695 UTC,116D2E7B,13836,8,eui-00800000a00061e1
2023-01-04 00:00:08.665199 UTC,1.126E+198,8740,8,eui-00800000a00061e1
2023-01-04 00:00:08.685846 UTC,01591F72,11600,0,eui-3436323866005100
2023-01-04 00:00:08.69877 UTC,00D59B8E,24595,0,eui-3436323866005100
2023-01-04 00:00:08.717097 UTC,1024519C,37312,8,eui-00800000a0004e9f
2023-01-04 00:00:08.724614 UTC,00D2D5B3,25793,0,ifremer-doi-gateway
2023-01-04 00:00:08.726044 UTC,0106444E,25987,0,ifremer-doi-gateway
2023-01-04 00:00:08.732124 UTC,10139418,14850,8,eui-00800000a00061e1
2023-01-04 00:00:08.732152 UTC,1024519C,20800,8,eui-00800000a00061e1
2023-01-04 00:00:08.783293 UTC,109E0983,2190,8,eui-00800000a0004e9f
2023-01-04 00:00:08.806941 UTC,104223,32848,0,nuvola-nz-1016-lansdowne
2023-01-04 00:00:08.807112 UTC,00DAD4EC,53349,0,uhv3-roundtop-tower
2023-01-04 00:00:08.878512 UTC,001F8B35,25448,0,ifremer-doi-gateway
2023-01-04 00:00:08.878715 UTC,005EC002,30103,0,ifremer-doi-gateway
2023-01-04 00:00:08.879088 UTC,00E8F365,41201,0,ifremer-doi-gateway
2023-01-04 00:00:08.879117 UTC,011B0ADE,41200,0,ifremer-doi-gateway
2023-01-04 00:00:08.983359 UTC,039DDFA5,5101,1,eui-00800000a0004e9f
2023-01-04 00:00:09.004205 UTC,00C6F208,24217,0,ac1f09fffe06d9fd
2023-01-04 00:00:09.033104 UTC,260B7D5B,58782,13,csn-mtcdtip-005f06
2023-01-04 00:00:09.034761 UTC,013F8B01,32874,0,eui-3436323866005100
2023-01-04 00:00:09.037057 UTC,116EA077,8563,8,eui-00800000a0004e9f
2023-01-04 00:00:09.05685 UTC,00F4EC14,42876,0,ifremer-doi-gateway
2023-01-04 00:00:09.060087 UTC,00892C1A,38992,0,ifremer-doi-gateway
2023-01-04 00:00:09.060099 UTC,0046AB1A,20054,0,ifremer-doi-gateway
2023-01-04 00:00:09.060324 UTC,005E7003,33995,0,ifremer-doi-gateway
2023-01-04 00:00:09.085531 UTC,01BB23B4,34678,0,eui-3436323866005100
2023-01-04 00:00:09.091687 UTC,111578,25029,8,eui-00800000a00061e1
2023-01-04 00:00:09.097525 UTC,111578,25029,8,eui-00800000a0004e9f
2023-01-04 00:00:09.154929 UTC,260BD2CD,32962,13,csn-mtcdtip-005f06
2023-01-04 00:00:09.157995 UTC,10FD4DE5,13866,8,eui-00800000a0004e9f
2023-01-04 00:00:09.165706 UTC,10FD4DE5,13866,8,eui-00800000a00061e0
2023-01-04 00:00:09.201894 UTC,10FD4DE5,13866,8,eui-00800000a00061e1
2023-01-04 00:00:09.255402 UTC,00F4EC14,43009,0,ifremer-doi-gateway
2023-01-04 00:00:09.256122 UTC,00A84D1D,34813,0,ifremer-doi-gateway
2023-01-04 00:00:09.262865 UTC,005D6004,63690,0,ifremer-doi-gateway
2023-01-04 00:00:09.269457 UTC,014E1E95,39332,0,ifremer-doi-gateway
2023-01-04 00:00:09.273392 UTC,10403DE9,8788,8,eui-00800000a00061e1
2023-01-04 00:00:09.287209 UTC,10403DE9,8788,8,eui-00800000a0004e9f
2023-01-04 00:00:09.309745 UTC,00E4F603,16745,0,nuvola-nz-1016-lansdowne
2023-01-04 00:00:09.320971 UTC,10C998DC,1906,8,eui-00800000a00061e3
2023-01-04 00:00:09.34118 UTC,11608A7F,4935,8,eui-00800000a0004e9f
2023-01-04 00:00:09.341477 UTC,11608A7F,4935,8,eui-00800000a00061e0
2023-01-04 00:00:09.35175 UTC,11608A7F,4935,8,eui-00800000a00061e1
2023-01-04 00:00:09.361706 UTC,11EC3551,16640,8,eui-00800000a00061e1
2023-01-04 00:00:09.385105 UTC,00D2D5B3,25793,0,ifremer-doi-gateway
2023-01-04 00:00:09.385971 UTC,0106444E,25987,0,ifremer-doi-gateway
2023-01-04 00:00:09.408417 UTC,1151132B,350,8,eui-00800000a0004e9f
2023-01-04 00:00:09.428412 UTC,1151132B,350,8,eui-00800000a00061e1
2023-01-04 00:00:09.428523 UTC,10F9519D,17651,8,eui-00800000a00061e1
2023-01-04 00:00:09.428723 UTC,260BB63E,31575,13,ch-zrh-kaeferberg
2023-01-04 00:00:09.428898 UTC,105B339B,17629,8,eui-00800000a00061e1
2023-01-04 00:00:09.430478 UTC,1132D620,17717,8,eui-00800000a00061e3
2023-01-04 00:00:09.439755 UTC,1132D620,17717,8,eui-00800000a00061e0
2023-01-04 00:00:09.442553 UTC,00B80B2F,18039,0,eui-3436323866005100
2023-01-04 00:00:09.469987 UTC,09A2AAA7,74,4,ch-zrh-kaeferberg
2023-01-04 00:00:09.481906 UTC,116F4F25,1838,8,eui-00800000a00061e1
2023-01-04 00:00:09.486411 UTC,116F4F25,1838,8,eui-00800000a0004e9f
2023-01-04 00:00:09.491885 UTC,116F4F25,1838,8,eui-00800000a00061e0
2023-01-04 00:00:09.500131 UTC,005EC002,30103,0,ifremer-doi-gateway
2023-01-04 00:00:09.500208 UTC,00E8F365,41201,0,ifremer-doi-gateway
2023-01-04 00:00:09.500399 UTC,001F8B35,25448,0,ifremer-doi-gateway
2023-01-04 00:00:09.500714 UTC,011B0ADE,41200,0,ifremer-doi-gateway
2023-01-04 00:00:09.52162 UTC,841C417D,41203,200004,eui-00800000a00061e3
2023-01-04 00:00:09.5421 UTC,1084857D,14927,8,eui-00800000a00061e1
2023-01-04 00:00:09.550371 UTC,102B3D16,50099,8,eui-00800000a0004e9f
2023-01-04 00:00:09.560252 UTC,1084857D,14927,8,eui-00800000a0004e9f
2023-01-04 00:00:09.565438 UTC,1084857D,14927,8,eui-00800000a00061e0
2023-01-04 00:00:09.592781 UTC,260BBED6,32953,13,csn-mtcdtip-005f06
2023-01-04 00:00:09.624022 UTC,00FDF8BB,16019,0,nuvola-nz-1016-lansdowne
2023-01-04 00:00:09.624228 UTC,11F6B430,13916,8,eui-00800000a00061e1
2023-01-04 00:00:09.624416 UTC,11D9DF9D,4273,8,eui-00800000a00061e0
2023-01-04 00:00:09.624566 UTC,1091FA12,13821,8,eui-00800000a0007006
2023-01-04 00:00:09.629163 UTC,0046AB1A,20054,0,ifremer-doi-gateway
2023-01-04 00:00:09.629753 UTC,00F4EC14,42876,0,ifremer-doi-gateway
2023-01-04 00:00:09.631549 UTC,00892C1A,38992,0,ifremer-doi-gateway
2023-01-04 00:00:09.63279 UTC,005E7003,33995,0,ifremer-doi-gateway
2023-01-04 00:00:09.636369 UTC,11D9DF9D,4273,8,eui-00800000a0004e9f
2023-01-04 00:00:09.677082 UTC,01006A2E,37,0,tzl-campus-wtp
2023-01-04 00:00:09.691887 UTC,11D9DF9D,4273,8,eui-00800000a00061e1
2023-01-04 00:00:09.691893 UTC,104D5C6E,20893,8,eui-00800000a0007006
2023-01-04 00:00:09.692326 UTC,11D9DF9D,4273,8,eui-00800000a0007006
2023-01-04 00:00:09.693245 UTC,10940235,12567,8,eui-00800000a0007006
2023-01-04 00:00:09.716042 UTC,1170F0BD,4936,8,eui-00800000a0004e9f
2023-01-04 00:00:09.725729 UTC,010AFC68,0,0,ofi-kerarbury-sth
2023-01-04 00:00:09.730566 UTC,114FA1F4,24586,8,eui-00800000a00061e0
2023-01-04 00:00:09.734328 UTC,00F4EC14,43009,0,ifremer-doi-gateway
2023-01-04 00:00:09.734433 UTC,005D6004,63690,0,ifremer-doi-gateway
2023-01-04 00:00:09.734921 UTC,014E1E95,39332,0,ifremer-doi-gateway
2023-01-04 00:00:09.734982 UTC,00A84D1D,34813,0,ifremer-doi-gateway
2023-01-04 00:00:09.752428 UTC,11195A24,20842,8,eui-00800000a0007006
2023-01-04 00:00:09.752677 UTC,1170F0BD,4936,8,eui-00800000a0007006
2023-01-04 00:00:09.761911 UTC,114FA1F4,24586,8,eui-00800000a00061e1
2023-01-04 00:00:09.77654 UTC,109CB757,55,8,eui-00800000a0004e9f
2023-01-04 00:00:09.776856 UTC,114FA1F4,24586,8,eui-00800000a0004e9f
2023-01-04 00:00:09.77756 UTC,48000869,123,24,uhv3-hcc-library
2023-01-04 00:00:09.778078 UTC,00E641A9,57054,0,uhv3-roundtop-tower
2023-01-04 00:00:09.778363 UTC,48000869,93,24,uhv3-roundtop-tower
2023-01-04 00:00:09.790785 UTC,109CB757,20535,8,eui-00800000a00061e0
2023-01-04 00:00:09.800403 UTC,16A0CA47,24232,00000B,nuig-new-gateway
2023-01-04 00:00:09.821308 UTC,109CB757,55,8,eui-00800000a00061e1
2023-01-04 00:00:09.825434 UTC,018A64E2,4,0,lora-db0fc
2023-01-04 00:00:09.838287 UTC,012AF712,1,0,ofi-kerarbury-sth
2023-01-04 00:00:09.855371 UTC,10B7227C,28662,8,eui-00800000a00061e0
2023-01-04 00:00:09.85708 UTC,10B7227C,28662,8,eui-00800000a0004e9f
2023-01-04 00:00:09.862997 UTC,00D2D5B3,25793,0,ifremer-doi-gateway
2023-01-04 00:00:09.863363 UTC,0106444E,25987,0,ifremer-doi-gateway
2023-01-04 00:00:09.892119 UTC,10AEE586,38404,8,eui-00800000a00061e1
2023-01-04 00:00:09.892274 UTC,10B7227C,28662,8,eui-00800000a00061e1
2023-01-04 00:00:09.89712 UTC,1040DA00,22751,8,eui-00800000a00061e1
2023-01-04 00:00:09.911684 UTC,1040DA00,22751,8,eui-00800000a00061e0
2023-01-04 00:00:09.946219 UTC,D0C8B479,150,40010C,eui-00800000a0004e9f
2023-01-04 00:00:09.954404 UTC,017CE769,19976,0,uhv3-roundtop-tower
2023-01-04 00:00:09.996786 UTC,30E51C09,38094,18,eui-00800000a00061e0
2023-01-04 00:00:09.996872 UTC,10E61E09,20894,8,eui-00800000a00061e1
2023-01-04 00:00:10.01238 UTC,3189D798,910,18,ch-zrh-kaeferberg
2023-01-04 00:00:10.021827 UTC,1111F110,5385,8,eui-00800000a00061e3
2023-01-04 00:00:10.025892 UTC,10E61E09,20894,8,eui-00800000a0004e9f
2023-01-04 00:00:10.025957 UTC,1072FDB5,8724,8,eui-00800000a0007006
2023-01-04 00:00:10.053433 UTC,28FFB032,281,14,tzl-campus-wtp
2023-01-04 00:00:10.057821 UTC,001F8B35,25448,0,ifremer-doi-gateway
2023-01-04 00:00:10.058426 UTC,011B0ADE,41200,0,ifremer-doi-gateway
2023-01-04 00:00:10.058524 UTC,00E8F365,41201,0,ifremer-doi-gateway
2023-01-04 00:00:10.058636 UTC,005EC002,30103,0,ifremer-doi-gateway
2023-01-04 00:00:10.071866 UTC,3085A13B,38282,18,ch-zrh-kaeferberg
2023-01-04 00:00:10.081831 UTC,104988BF,13861,8,eui-00800000a00061e1
2023-01-04 00:00:10.101629 UTC,BC498EBF,13859,20003C,eui-00800000a0007006
2023-01-04 00:00:10.101633 UTC,104988BF,13861,8,eui-00800000a0004e9f
2023-01-04 00:00:10.140905 UTC,6F4BFEF3,3933,37,wsloragw01
2023-01-04 00:00:10.167628 UTC,0167E1AB,5299,0,uhv3-hcc-library
2023-01-04 00:00:10.172226 UTC,1061024C,17749,8,eui-00800000a00061e1
2023-01-04 00:00:10.195739 UTC,005E7003,33995,0,ifremer-doi-gateway
2023-01-04 00:00:10.195951 UTC,00F4EC14,42876,0,ifremer-doi-gateway
2023-01-04 00:00:10.196072 UTC,00892C1A,38992,0,ifremer-doi-gateway
2023-01-04 00:00:10.196522 UTC,0046AB1A,20054,0,ifremer-doi-gateway
2023-01-04 00:00:10.200816 UTC,117B7941,2136,8,eui-00800000a00061e3
2023-01-04 00:00:10.201928 UTC,1061024C,17749,8,eui-00800000a0007006
2023-01-04 00:00:10.217421 UTC,260BFA58,21673,13,csn-mtcdtip-005f06
2023-01-04 00:00:10.231316 UTC,10317D20,1926,8,eui-00800000a00061e0
2023-01-04 00:00:10.237552 UTC,10317D20,1926,8,eui-00800000a0004e9f
2023-01-04 00:00:10.252434 UTC,10AFA95A,3641,8,eui-00800000a00061e1
2023-01-04 00:00:10.262117 UTC,10317D20,1926,8,eui-00800000a0007006
2023-01-04 00:00:10.296759 UTC,10AFA95A,3641,8,eui-00800000a0004e9f
2023-01-04 00:00:10.300981 UTC,018C4D9C,0,0,ofi-kerarbury-sth
2023-01-04 00:00:10.332792 UTC,00BB2207,33595,0,eui-3436323866005100
2023-01-04 00:00:10.333317 UTC,1159E6FF,20941,8,eui-00800000a00061e1
2023-01-04 00:00:10.341104 UTC,103E54FA,1930,8,eui-00800000a00061e3
2023-01-04 00:00:10.343327 UTC,10A32B34,17539,8,eui-00800000a0007006
2023-01-04 00:00:10.380622 UTC,26087359,4441,13,nuig-new-gateway
2023-01-04 00:00:10.385714 UTC,00F4EC14,43009,0,ifremer-doi-gateway
2023-01-04 00:00:10.386535 UTC,014E1E95,39332,0,ifremer-doi-gateway
2023-01-04 00:00:10.386626 UTC,00A84D1D,34813,0,ifremer-doi-gateway
2023-01-04 00:00:10.387114 UTC,005D6004,63690,0,ifremer-doi-gateway
2023-01-04 00:00:10.392014 UTC,10B1309F,20843,8,eui-00800000a0007006
2023-01-04 00:00:10.43716 UTC,10E81630,29269,8,eui-00800000a0004e9f
2023-01-04 00:00:10.441876 UTC,01F01620,29268,0,eui-00800000a00061e1
2023-01-04 00:00:10.452161 UTC,118926EF,4368,8,eui-00800000a0007006
2023-01-04 00:00:10.512049 UTC,11BD2B9E,13866,8,eui-00800000a0007006
2023-01-04 00:00:10.512062 UTC,10026A25,27420,8,eui-00800000a00061e1
2023-01-04 00:00:10.512147 UTC,10026A25,27420,8,eui-00800000a0007006
2023-01-04 00:00:10.52003 UTC,260B82B1,209,13,csn-mtcdtip-005f06
2023-01-04 00:00:10.525271 UTC,00D2D5B3,25793,0,ifremer-doi-gateway
2023-01-04 00:00:10.525315 UTC,0106444E,25987,0,ifremer-doi-gateway
2023-01-04 00:00:10.594232 UTC,2847C5D8,36691,14,tzl-campus-wtp
2023-01-04 00:00:10.639484 UTC,0090CF8D,20479,0,eui-3436323866005100
2023-01-04 00:00:10.648736 UTC,260B1112,122,13,csn-mtcdtip-005f06
2023-01-04 00:00:10.650542 UTC,260BD879,217,13,csn-mtcdtip-005f06
2023-01-04 00:00:10.680652 UTC,1069908A,4464,8,eui-00800000a00061e3
2023-01-04 00:00:10.686085 UTC,1069908A,4464,8,eui-00800000a00061e1
2023-01-04 00:00:10.725548 UTC,00E8F365,41201,0,ifremer-doi-gateway
2023-01-04 00:00:10.725674 UTC,011B0ADE,41200,0,ifremer-doi-gateway
2023-01-04 00:00:10.725723 UTC,001F8B35,25448,0,ifremer-doi-gateway
2023-01-04 00:00:10.725871 UTC,0115DEA3,25999,0,ifremer-doi-gateway
2023-01-04 00:00:10.741362 UTC,101349D2,4397,8,eui-00800000a00061e3
2023-01-04 00:00:10.742806 UTC,11F55445,1943,8,eui-00800000a00061e3
2023-01-04 00:00:10.743581 UTC,11583B35,22388,8,eui-00800000a0007006
2023-01-04 00:00:10.812202 UTC,1.19E+038,28243,8,eui-00800000a00061e0
2023-01-04 00:00:10.812893 UTC,11C59812,13789,8,eui-00800000a00061e1
2023-01-04 00:00:10.817589 UTC,1.19E+038,28243,8,eui-00800000a0004e9f
2023-01-04 00:00:10.852107 UTC,10AF9D8D,12548,8,eui-00800000a0007006
2023-01-04 00:00:10.855087 UTC,679035BB,9594,33,eui-3436323866005100
2023-01-04 00:00:10.856768 UTC,0046AB1A,20054,0,ifremer-doi-gateway
2023-01-04 00:00:10.856871 UTC,005EC002,30103,0,ifremer-doi-gateway
2023-01-04 00:00:10.856922 UTC,00F4EC14,42876,0,ifremer-doi-gateway
2023-01-04 00:00:10.857048 UTC,005E7003,33995,0,ifremer-doi-gateway
2023-01-04 00:00:10.875702 UTC,28E46F60,21314,14,tzl-campus-wtp
2023-01-04 00:00:10.918337 UTC,177458,24606,0,uhv3-roundtop-tower
2023-01-04 00:00:10.920425 UTC,177478,61574,0,uhv3-hcc-library
2023-01-04 00:00:10.93102 UTC,114651D8,5119,8,eui-00800000a0007006
2023-01-04 00:00:10.983371 UTC,01A660B3,0,0,ofi-kerarbury-sth
2023-01-04 00:00:11.037887 UTC,11209F9F,17445,8,eui-00800000a0007006
2023-01-04 00:00:11.059876 UTC,260BBBCF,24417,13,nuig-new-gateway
2023-01-04 00:00:11.062611 UTC,00A84D1D,34813,0,ifremer-doi-gateway
2023-01-04 00:00:11.062792 UTC,005D6004,63690,0,ifremer-doi-gateway
2023-01-04 00:00:11.062837 UTC,00F4EC14,43009,0,ifremer-doi-gateway
2023-01-04 00:00:11.062996 UTC,00892C1A,38992,0,ifremer-doi-gateway
2023-01-04 00:00:11.070969 UTC,111CF29E,17566,8,eui-00800000a00061e0
2023-01-04 00:00:11.077359 UTC,111CF29E,17566,8,eui-00800000a0004e9f
2023-01-04 00:00:11.079852 UTC,111CF29E,17566,8,eui-00800000a00061e1
2023-01-04 00:00:11.089023 UTC,111CF29E,17566,8,eui-00800000a00061e3
2023-01-04 00:00:11.136433 UTC,11280BD0,23442,8,eui-00800000a0004e9f
2023-01-04 00:00:11.136658 UTC,10CCA9E1,20848,8,eui-00800000a0004e9f
2023-01-04 00:00:11.138135 UTC,10C8E9E5,55401,8,eui-00800000a00061e1
2023-01-04 00:00:11.141867 UTC,1120CF14,23442,8,eui-00800000a00061e0
2023-01-04 00:00:11.142272 UTC,50CCEDE9,345,28,eui-00800000a0007006
2023-01-04 00:00:11.169921 UTC,26084CE7,36335,13,nuig-new-gateway
2023-01-04 00:00:11.190813 UTC,0120AED6,23959,0,eui-3436323866005100
2023-01-04 00:00:11.196781 UTC,1143D037,2562,8,eui-00800000a0004e9f
2023-01-04 00:00:11.197833 UTC,4329DE5F,4716,21,eui-00800000a0004e9f
2023-01-04 00:00:11.197901 UTC,11FC2600,1458,8,eui-00800000a0004e9f
2023-01-04 00:00:11.209481 UTC,17B20E72,67,00000B,nuig-new-gateway
2023-01-04 00:00:11.209997 UTC,11FC2600,1458,8,eui-00800000a00061e1
2023-01-04 00:00:11.212371 UTC,10EC815F,8796,8,eui-00800000a0007006
2023-01-04 00:00:11.212765 UTC,11FC2600,41938,8,eui-00800000a0007006
2023-01-04 00:00:11.213087 UTC,1143D037,2562,8,eui-00800000a0007006
2023-01-04 00:00:11.213137 UTC,10467101,15001,8,eui-00800000a0007006
2023-01-04 00:00:11.21987 UTC,1143D037,2562,8,eui-00800000a00061e1
2023-01-04 00:00:11.23623 UTC,00F76378,29365,0,uhv3-roundtop-tower
2023-01-04 00:00:11.238145 UTC,0106444E,25987,0,ifremer-doi-gateway
2023-01-04 00:00:11.241792 UTC,014E1E95,39332,0,ifremer-doi-gateway
2023-01-04 00:00:11.273078 UTC,109D81C7,4087,8,eui-00800000a0007006
2023-01-04 00:00:11.273925 UTC,11FC2600,1458,8,eui-00800000a00061e0
2023-01-04 00:00:11.27549 UTC,00D2D5B3,25793,0,ifremer-doi-gateway
2023-01-04 00:00:11.288717 UTC,109D81C7,4087,8,eui-00800000a0004e9f
2023-01-04 00:00:11.28998 UTC,260BEE0D,24537,13,nuig-new-gateway
2023-01-04 00:00:11.292796 UTC,11A645C8,12189,8,eui-00800000a00061e1
2023-01-04 00:00:11.302452 UTC,0081DF81,24366,0,eui-3436323866005100
2023-01-04 00:00:11.305375 UTC,109D81C7,4087,8,eui-00800000a00061e1
2023-01-04 00:00:11.327103 UTC,011B0ADE,41200,0,ifremer-doi-gateway
2023-01-04 00:00:11.328936 UTC,005EC002,30103,0,ifremer-doi-gateway
2023-01-04 00:00:11.329202 UTC,001F8B35,25448,0,ifremer-doi-gateway
2023-01-04 00:00:11.329248 UTC,10F13F13,22644,8,eui-00800000a00061e0
2023-01-04 00:00:11.329542 UTC,109D81C7,4087,8,eui-00800000a00061e0
2023-01-04 00:00:11.329742 UTC,00E8F365,41201,0,ifremer-doi-gateway
2023-01-04 00:00:11.333648 UTC,0076CD69,1,0,ofi-kerarbury-sth
2023-01-04 00:00:11.339804 UTC,B4AEF97A,16535,200034,eui-00800000a0004e9f
2023-01-04 00:00:11.364381 UTC,10F7CBB4,337,8,eui-00800000a00061e1
2023-01-04 00:00:11.393234 UTC,106592F2,24608,8,eui-00800000a0007006
2023-01-04 00:00:11.405762 UTC,115C7155,3741,8,eui-00800000a0004e9f
2023-01-04 00:00:11.438008 UTC,01C2FB9D,38428,0,eui-3436323866005100
2023-01-04 00:00:11.449465 UTC,011B5E25,2,0,ofi-kerarbury-sth
2023-01-04 00:00:11.459654 UTC,005E7003,33995,0,ifremer-doi-gateway
2023-01-04 00:00:11.459692 UTC,00892C1A,38992,0,ifremer-doi-gateway
2023-01-04 00:00:11.459808 UTC,0046AB1A,20054,0,ifremer-doi-gateway
2023-01-04 00:00:11.461642 UTC,00F4EC14,42876,0,ifremer-doi-gateway
2023-01-04 00:00:11.471644 UTC,01684B51,7386,0,nuvola-nz-1016-lansdowne
2023-01-04 00:00:11.485805 UTC,260B1EA4,5347,13,csn-mtcdtip-005f06
2023-01-04 00:00:11.486022 UTC,10E4E7D1,12536,8,eui-00800000a0007006
2023-01-04 00:00:11.494255 UTC,0148BFC1,34861,0,eui-3436323866005100
2023-01-04 00:00:11.498896 UTC,007F8D3E,32610,0,eui-3436323866005100
2023-01-04 00:00:11.540953 UTC,11DE4C44,5304,8,eui-00800000a00061e3
2023-01-04 00:00:11.541235 UTC,73DE2F47,20984,39,eui-00800000a00061e0
2023-01-04 00:00:11.541947 UTC,41DE4C44,5304,20,eui-00800000a0007006
2023-01-04 00:00:11.545425 UTC,0120976B,32,0,tzl-campus-wtp
2023-01-04 00:00:11.579403 UTC,26080C68,37318,13,nuig-new-gateway
2023-01-04 00:00:11.600372 UTC,10D60546,2690,8,eui-00800000a00061e3
2023-01-04 00:00:11.619323 UTC,10D60546,2690,8,eui-00800000a0007006
2023-01-04 00:00:11.621261 UTC,116B2C6B,12530,8,eui-00800000a0007006
2023-01-04 00:00:11.645527 UTC,00F4EC14,43009,0,ifremer-doi-gateway
2023-01-04 00:00:11.645857 UTC,005D6004,63690,0,ifremer-doi-gateway
2023-01-04 00:00:11.646212 UTC,014E1E95,39332,0,ifremer-doi-gateway
2023-01-04 00:00:11.649592 UTC,00A84D1D,34813,0,ifremer-doi-gateway
2023-01-04 00:00:11.662412 UTC,10680AC1,1904,8,eui-00800000a00061e1
2023-01-04 00:00:11.665803 UTC,01426A35,37,0,tzl-campus-wtp
2023-01-04 00:00:11.666292 UTC,1153DB70,6230,8,eui-00800000a0004e9f
2023-01-04 00:00:11.671004 UTC,1153DB70,6230,8,eui-00800000a00061e0
2023-01-04 00:00:11.712066 UTC,03612CDD,39,1,eui-00800000a0007006
2023-01-04 00:00:11.738963 UTC,0023FD25,24290,0,eui-3436323866005100
2023-01-04 00:00:11.766317 UTC,1186C824,4995,8,eui-00800000a0004e9f
2023-01-04 00:00:11.787282 UTC,0084A9C9,54248,0,lora-db0fc
2023-01-04 00:00:11.795758 UTC,00D2D5B3,25793,0,ifremer-doi-gateway
2023-01-04 00:00:11.795774 UTC,0106444E,25987,0,ifremer-doi-gateway
2023-01-04 00:00:11.820791 UTC,11FE3937,2,8,eui-00800000a00061e3
2023-01-04 00:00:11.821567 UTC,11FE3937,2,8,eui-00800000a00061e1
2023-01-04 00:00:11.827317 UTC,1150F4AE,17272,8,eui-00800000a0004e9f
2023-01-04 00:00:11.84845 UTC,01B55A13,0,0,ofi-kerarbury-sth
2023-01-04 00:00:11.912376 UTC,10711537,6250,8,eui-00800000a0007006
2023-01-04 00:00:11.943001 UTC,019A4452,23985,0,eui-3436323866005100
2023-01-04 00:00:11.986908 UTC,0060F6BC,1,0,ofi-kerarbury-sth
2023-01-04 00:00:11.988394 UTC,1573646,13,0,tzl-campus-wtp
2023-01-04 00:00:12.008192 UTC,011B0ADE,41200,0,ifremer-doi-gateway
2023-01-04 00:00:12.008334 UTC,001F8B35,25448,0,ifremer-doi-gateway
2023-01-04 00:00:12.008445 UTC,00E8F365,41201,0,ifremer-doi-gateway
2023-01-04 00:00:12.008647 UTC,005EC002,30103,0,ifremer-doi-gateway
2023-01-04 00:00:12.036119 UTC,260B76B6,31555,13,csn-mtcdtip-005f06
2023-01-04 00:00:12.039707 UTC,01A268E2,41780,0,uhv3-roundtop-tower
2023-01-04 00:00:12.064299 UTC,10EAE039,13860,8,eui-00800000a00061e1
2023-01-04 00:00:12.064653 UTC,10EAE039,13860,8,eui-00800000a0007006
2023-01-04 00:00:12.071472 UTC,1113D889,3578,8,eui-00800000a00061e0
2023-01-04 00:00:12.076808 UTC,1113D889,3578,8,eui-00800000a0004e9f
2023-01-04 00:00:12.122718 UTC,1113D889,3578,8,eui-00800000a0007006
2023-01-04 00:00:12.122892 UTC,106F5CAC,8684,8,eui-00800000a0007006
2023-01-04 00:00:12.126463 UTC,00892C1A,38992,0,ifremer-doi-gateway
2023-01-04 00:00:12.126723 UTC,00F4EC14,42876,0,ifremer-doi-gateway
2023-01-04 00:00:12.126841 UTC,0046AB1A,20054,0,ifremer-doi-gateway
2023-01-04 00:00:12.126877 UTC,005E7003,33995,0,ifremer-doi-gateway
2023-01-04 00:00:12.130581 UTC,11108153,23770,8,eui-00800000a00061e0
2023-01-04 00:00:12.134335 UTC,106F5CAC,8684,8,eui-00800000a00061e1
2023-01-04 00:00:12.134346 UTC,11108153,23770,8,eui-00800000a00061e1
2023-01-04 00:00:12.136806 UTC,11108153,23770,8,eui-00800000a0004e9f
2023-01-04 00:00:12.161621 UTC,260B47DD,58766,13,csn-mtcdtip-005f06
2023-01-04 00:00:12.183204 UTC,0100E7E9,33835,0,eui-3436323866005100
2023-01-04 00:00:12.193009 UTC,10B8C085,12519,8,eui-00800000a0007006
2023-01-04 00:00:12.193119 UTC,109876EE,20845,8,eui-00800000a0007006
2023-01-04 00:00:12.197304 UTC,109876EE,20845,8,eui-00800000a0004e9f
2023-01-04 00:00:12.198303 UTC,10B8C085,12519,8,eui-00800000a0004e9f
2023-01-04 00:00:12.231389 UTC,111E5DAD,228,8,eui-00800000a00061e0
2023-01-04 00:00:12.231675 UTC,1145E920,13838,8,eui-00800000a00061e1
2023-01-04 00:00:12.231943 UTC,111E5DAD,228,8,eui-00800000a00061e1
2023-01-04 00:00:12.239621 UTC,004059DA,60620,0,uhv3-roundtop-tower
2023-01-04 00:00:12.250943 UTC,11604E6B,8743,8,eui-00800000a0007006
2023-01-04 00:00:12.256545 UTC,111E5DAD,228,8,eui-00800000a0004e9f
2023-01-04 00:00:12.290524 UTC,D04D490E,26857,400104,eui-00800000a00061e0
2023-01-04 00:00:12.291582 UTC,119522B0,13760,8,eui-00800000a00061e1
2023-01-04 00:00:12.315969 UTC,110185C2,3565,8,eui-00800000a0004e9f
2023-01-04 00:00:12.326212 UTC,00F4EC14,43009,0,ifremer-doi-gateway
2023-01-04 00:00:12.326219 UTC,005D6004,63690,0,ifremer-doi-gateway
2023-01-04 00:00:12.326343 UTC,014E1E95,39332,0,ifremer-doi-gateway
2023-01-04 00:00:12.326411 UTC,00A84D1D,34813,0,ifremer-doi-gateway
2023-01-04 00:00:12.367213 UTC,000FAEC4,33282,0,nuvola-nz-1016-lansdowne
2023-01-04 00:00:12.401735 UTC,10CDD01C,14995,8,eui-00800000a00061e1
2023-01-04 00:00:12.403227 UTC,10CDD01C,14995,8,eui-00800000a0007006
2023-01-04 00:00:12.4539 UTC,00AE8551,24032,0,eui-3436323866005100
2023-01-04 00:00:12.454809 UTC,0106444E,25987,0,ifremer-doi-gateway
2023-01-04 00:00:12.454823 UTC,00D2D5B3,25793,0,ifremer-doi-gateway
2023-01-04 00:00:12.461851 UTC,118046DD,13586,8,eui-00800000a0007006
2023-01-04 00:00:12.486667 UTC,00B32CE6,33670,0,eui-3436323866005100
2023-01-04 00:00:12.511497 UTC,11001B82,17611,8,eui-00800000a00061e0
2023-01-04 00:00:12.512112 UTC,11001B82,17611,8,eui-00800000a00061e1
2023-01-04 00:00:12.520693 UTC,11001B82,17611,8,eui-00800000a00061e3
2023-01-04 00:00:12.569314 UTC,005EC002,30103,0,ifremer-doi-gateway
2023-01-04 00:00:12.570178 UTC,00E8F365,41201,0,ifremer-doi-gateway
2023-01-04 00:00:12.570543 UTC,011B0ADE,41200,0,ifremer-doi-gateway
2023-01-04 00:00:12.571094 UTC,001F8B35,25448,0,ifremer-doi-gateway
2023-01-04 00:00:12.577212 UTC,10F65E73,7237,8,eui-00800000a0004e9f
2023-01-04 00:00:12.584683 UTC,00A819C8,24249,0,eui-3436323866005100
2023-01-04 00:00:12.58501 UTC,0055680B,24327,0,eui-3436323866005100
2023-01-04 00:00:12.586802 UTC,00C41DA3,34899,0,eui-3436323866005100
2023-01-04 00:00:12.641555 UTC,303D17FE,21981,18,ch-zrh-kaeferberg
2023-01-04 00:00:12.672055 UTC,1187D504,12512,8,eui-00800000a0007006
2023-01-04 00:00:12.692632 UTC,00F4EC14,42876,0,ifremer-doi-gateway
2023-01-04 00:00:12.692697 UTC,005E7003,33995,0,ifremer-doi-gateway
2023-01-04 00:00:12.692973 UTC,0046AB1A,20054,0,ifremer-doi-gateway
2023-01-04 00:00:12.693094 UTC,00892C1A,38992,0,ifremer-doi-gateway
2023-01-04 00:00:12.746889 UTC,6.9E+292,33677,0,eui-3436323866005100
2023-01-04 00:00:12.782128 UTC,096EAC84,222,4,ch-zrh-kaeferberg
2023-01-04 00:00:12.806441 UTC,00F4EC14,43009,0,ifremer-doi-gateway
2023-01-04 00:00:12.806621 UTC,014E1E95,39332,0,ifremer-doi-gateway
2023-01-04 00:00:12.807144 UTC,00A84D1D,34813,0,ifremer-doi-gateway
2023-01-04 00:00:12.807441 UTC,005D6004,63690,0,ifremer-doi-gateway
2023-01-04 00:00:12.830027 UTC,31909768,36421,18,ch-zrh-kaeferberg
2023-01-04 00:00:12.830941 UTC,863699,35965,0,nuvola-nz-1016-lansdowne
2023-01-04 00:00:12.852531 UTC,260BC4EE,43669,13,csn-mtcdtip-005f06
2023-01-04 00:00:12.856179 UTC,28847E6B,46651,14,tzl-campus-wtp
2023-01-04 00:00:12.927847 UTC,0106444E,25987,0,ifremer-doi-gateway
2023-01-04 00:00:12.927851 UTC,00D2D5B3,25793,0,ifremer-doi-gateway
2023-01-04 00:00:12.932221 UTC,10744C46,4575,8,eui-00800000a0007006
2023-01-04 00:00:12.936827 UTC,10744C46,4575,8,eui-00800000a0004e9f
2023-01-04 00:00:12.99112 UTC,29F470F3,49445,14,tzl-campus-wtp
2023-01-04 00:00:12.994913 UTC,1016E5E1,9803,8,eui-00800000a0007006
2023-01-04 00:00:13.050759 UTC,00E8F365,41201,0,ifremer-doi-gateway
2023-01-04 00:00:13.050844 UTC,001F8B35,25448,0,ifremer-doi-gateway
2023-01-04 00:00:13.051325 UTC,005EC002,30103,0,ifremer-doi-gateway
2023-01-04 00:00:13.051757 UTC,011B0ADE,41200,0,ifremer-doi-gateway
2023-01-04 00:00:13.088628 UTC,293D9512,36704,14,tzl-campus-wtp
2023-01-04 00:00:13.165231 UTC,00F4EC14,42876,0,ifremer-doi-gateway
2023-01-04 00:00:13.165241 UTC,00892C1A,38992,0,ifremer-doi-gateway
2023-01-04 00:00:13.165605 UTC,005E7003,33995,0,ifremer-doi-gateway
2023-01-04 00:00:13.165688 UTC,0046AB1A,20054,0,ifremer-doi-gateway
2023-01-04 00:00:13.221848 UTC,00A0D84A,1,0,ofi-kerarbury-sth
2023-01-04 00:00:13.267084 UTC,0026341F,7527,0,eui-3436323866005100
2023-01-04 00:00:13.291562 UTC,010F10C3,33911,0,nuvola-nz-1016-lansdowne
2023-01-04 00:00:13.337418 UTC,00AB9C22,58927,0,nuvola-nz-1016-lansdowne
2023-01-04 00:00:13.365715 UTC,00F4EC14,43009,0,ifremer-doi-gateway
2023-01-04 00:00:13.366647 UTC,014E1E95,39332,0,ifremer-doi-gateway
2023-01-04 00:00:13.366827 UTC,005D6004,63690,0,ifremer-doi-gateway
2023-01-04 00:00:13.367089 UTC,00A84D1D,34813,0,ifremer-doi-gateway
2023-01-04 00:00:13.391683 UTC,11CDCC79,1627,8,eui-00800000a00061e1
2023-01-04 00:00:13.404034 UTC,11CDCC79,1627,8,eui-00800000a00061e3
2023-01-04 00:00:13.474911 UTC,9827C9FF,2023,200018,eui-00800000a0004e9f
2023-01-04 00:00:13.496743 UTC,00D2D5B3,25793,0,ifremer-doi-gateway
2023-01-04 00:00:13.500524 UTC,0106444E,25987,0,ifremer-doi-gateway
2023-01-04 00:00:13.501074 UTC,00DF45E0,38,0,lora-db0fc
2023-01-04 00:00:13.528092 UTC,293C816C,12239,14,tzl-campus-wtp
2023-01-04 00:00:13.580264 UTC,260BC9B1,23323,13,nuig-new-gateway
2023-01-04 00:00:13.609584 UTC,001F8B35,25448,0,ifremer-doi-gateway
2023-01-04 00:00:13.609794 UTC,00E8F365,41201,0,ifremer-doi-gateway
2023-01-04 00:00:13.610159 UTC,011B0ADE,41200,0,ifremer-doi-gateway
2023-01-04 00:00:13.611162 UTC,005EC002,30103,0,ifremer-doi-gateway
2023-01-04 00:00:13.615817 UTC,0076CD69,2,0,ofi-kerarbury-sth
2023-01-04 00:00:13.708013 UTC,001FE670,19910,0,eui-3436323866005100
2023-01-04 00:00:13.710944 UTC,000F01FE,7802,0,nuvola-nz-1016-lansdowne
2023-01-04 00:00:13.732413 UTC,005E7003,33995,0,ifremer-doi-gateway
2023-01-04 00:00:13.732524 UTC,00892C1A,38992,0,ifremer-doi-gateway
2023-01-04 00:00:13.732601 UTC,00F4EC14,42876,0,ifremer-doi-gateway
2023-01-04 00:00:13.733039 UTC,0046AB1A,20054,0,ifremer-doi-gateway
2023-01-04 00:00:13.765259 UTC,015069DE,42161,0,tzl-campus-wtp
2023-01-04 00:00:13.783508 UTC,50A78DE9,57055,28,uhv3-hcc-library
2023-01-04 00:00:13.787064 UTC,00E641A9,57055,0,uhv3-roundtop-tower
2023-01-04 00:00:13.83102 UTC,01BB1FE1,1,0,ofi-kerarbury-sth
2023-01-04 00:00:13.847218 UTC,00A84D1D,34813,0,ifremer-doi-gateway
2023-01-04 00:00:13.847316 UTC,014E1E95,39332,0,ifremer-doi-gateway
2023-01-04 00:00:13.847337 UTC,005D6004,63690,0,ifremer-doi-gateway
2023-01-04 00:00:13.847366 UTC,00F4EC14,43009,0,ifremer-doi-gateway
2023-01-04 00:00:13.920223 UTC,260B43F2,21004,13,nuig-new-gateway
2023-01-04 00:00:13.935312 UTC,1.06E+065,11213,0,ac1f09fffe06d9fd
2023-01-04 00:00:14.008435 UTC,01CE92E6,20068,0,eui-3436323866005100
2023-01-04 00:00:14.046036 UTC,0106444E,25987,0,ifremer-doi-gateway
2023-01-04 00:00:14.046071 UTC,00D2D5B3,25793,0,ifremer-doi-gateway
2023-01-04 00:00:14.127471 UTC,82A5691D,42148,200002,eui-00800000a0004e9f
2023-01-04 00:00:14.144326 UTC,116569DD,2199,8,eui-00800000a0007006
2023-01-04 00:00:14.161685 UTC,0167719E,7908,0,uhv3-roundtop-tower
2023-01-04 00:00:14.183 UTC,0127B4DF,33794,0,eui-3436323866005100
2023-01-04 00:00:14.188064 UTC,001F8B35,25448,0,ifremer-doi-gateway
2023-01-04 00:00:14.188362 UTC,00E8F365,41201,0,ifremer-doi-gateway
2023-01-04 00:00:14.188476 UTC,011B0ADE,41200,0,ifremer-doi-gateway
